temperature_C,log_aT,aT,isolated_low_confidence,low_confidence_reason
-0.0028571428571428576,5.16459995546908,146083.09297173136,False,
5.008571428571429,3.9278599911514513,8469.543270503318,False,
10.014285714285714,2.2611900599772667,182.46940671463494,False,
15.01142857142857,1.4266097566470277,26.7060560803498,False,
20.012857142857143,0.763661253071913,5.80311601596634,True,nonmonotonic
25.014285714285712,0.0,1.0,False,
30.017142857142858,-0.2740885118391315,0.5319998234392237,True,nonmonotonic
35.01,0.05924244352155263,1.1461525989504742,True,nonmonotonic
40.01428571428572,-1.9953694102044497,0.010107193722083978,True,nonmonotonic
45.01428571428572,-2.541811261360207,0.0028720284564447197,True,nonmonotonic
50.012857142857136,-2.907456087106127,0.0012374963107903772,True,nonmonotonic;frozen
55.01,-2.907457258453667,0.001237492973109691,True,nonmonotonic;frozen
60.01285714285715,3.5945298878271714,3931.2429850194962,True,nonmonotonic
65.01142857142857,2.9312254825636153,853.5431524469155,True,nonmonotonic
70.01571428571428,2.597893369609198,396.1807498171876,False,
75.01285714285714,3.931227336823947,8535.467967358803,True,nonmonotonic
80.01,4.264563444986182,18389.22577806469,True,nonmonotonic
85.01,5.264566527611489,183893.56305382686,True,nonmonotonic
90.00714285714285,4.59790384266617,39619.030387271196,True,nonmonotonic;frozen
95.01142857142858,4.597905565250908,39619.187532423326,True,nonmonotonic;frozen
100.00714285714285,4.597910719972001,39619.65778263869,True,nonmonotonic;frozen
105.00428571428571,4.597912910499357,39619.85761976925,True,nonmonotonic;frozen
110.01428571428572,4.597915352004081,39620.080354216734,True,nonmonotonic;frozen
