Angular frequency (rad/s),Step time (s),Temperature (°C),Oscillation strain (%),Oscillation stress (kPa),Tan(delta),Storage modulus (kPa),Loss modulus (kPa)
3.14159,4.00367,-0.02,4.74728e-4,9.13191,0.0352240,1922420,67715.2
6.76836,14.5596,-0.01,3.84862e-4,8.37991,0.0835678,2169810,181327
14.5820,24.0089,0.00,2.40142e-4,5.21581,0.0647938,2167420,140436
31.4159,32.7152,-0.02,1.32432e-4,2.81425,0.0578589,2121500,122747
67.6836,41.3220,-0.02,8.76694e-5,1.89227,0.324295,2053150,665826
145.820,50.0418,0.00,6.67428e-5,1.47830,0.107964,2202120,237751
314.159,58.6510,-0.02,6.51078e-5,1.45814,0.132026,2220320,293139
3.14159,256.593,5.01,6.97761e-4,12.3921,0.118132,1763720,208352
6.76836,267.147,5.03,5.93911e-4,11.1925,0.0790131,1878680,148441
14.5820,276.594,5.01,3.79542e-4,7.45369,0.0768572,1958090,150493
31.4159,285.308,4.99,2.04021e-4,4.11136,0.0471993,2012930,95008.9
67.6836,293.929,5.01,1.36744e-4,2.50156,0.0883114,1822280,160928
145.820,302.659,5.01,9.30452e-5,1.94317,0.0831371,2081230,173028
314.159,311.270,5.00,8.89755e-5,1.93661,0.148142,2153070,318960
3.14159,509.210,10.02,9.37566e-4,15.5064,0.104134,1645010,171301
6.76836,519.764,10.03,8.09096e-4,14.1109,0.0796318,1738530,138443
14.5820,529.211,10.01,5.31243e-4,9.62214,0.0751327,1806160,135702
31.4159,537.925,10.01,2.90095e-4,5.30464,0.0485429,1826440,88660.6
67.6836,546.536,10.01,1.62133e-4,3.13788,0.0449840,1933420,86973.0
145.820,555.268,10.01,1.25275e-4,2.46038,0.0846909,1956970,165738
314.159,563.877,10.01,1.21943e-4,2.45811,0.146102,1994610,291417
3.14159,761.851,15.02,1.21916e-3,19.5619,0.118942,1593310,189511
6.76836,772.417,15.02,1.07728e-3,16.9069,0.0950828,1562360,148553
14.5820,781.854,15.02,7.31390e-4,11.9629,0.0863066,1629580,140643
31.4159,790.559,15.02,3.94896e-4,6.81365,0.0922645,1718130,158523
67.6836,799.167,15.01,2.40755e-4,4.08072,0.0924871,1687770,156096
145.820,807.889,15.01,1.63280e-4,2.95865,0.102340,1802590,184478
314.159,816.511,15.01,1.58529e-4,2.94066,0.155279,1833010,284627
3.14159,1016.46,20.02,1.48363e-3,19.1682,0.0782835,1288040,100832
6.76836,1027.03,20.02,1.34864e-3,18.7353,0.109415,1380950,151098
14.5820,1036.47,20.02,9.50215e-4,13.8544,0.0979592,1451080,142147
31.4159,1045.17,20.01,5.47600e-4,7.93414,0.0690389,1445450,99792.5
67.6836,1053.78,20.02,2.99284e-4,4.79564,0.100430,1594350,160120
145.820,1062.50,20.01,2.12346e-4,3.54059,0.115864,1656290,191905
314.159,1071.12,20.00,1.87405e-4,3.20764,0.182894,1683680,307934
3.14159,1269.08,25.03,1.54734e-3,17.6174,0.119140,1130560,134695
6.76836,1279.63,25.02,1.43482e-3,17.5229,0.116004,1213130,140728
14.5820,1289.07,25.02,1.05830e-3,13.6850,0.111332,1285170,143081
31.4159,1297.77,25.01,5.90426e-4,8.22817,0.134507,1381160,185776
67.6836,1306.38,25.02,3.33057e-4,4.80419,0.0460652,1440920,66376.4
145.820,1315.11,25.00,2.44767e-4,3.61375,0.129623,1464160,189788
314.159,1323.72,25.01,2.10627e-4,3.29585,0.190479,1537140,292793
3.14159,1519.64,30.03,1.57871e-3,14.3122,0.125912,899474,113254
6.76836,1530.20,30.02,1.49208e-3,15.5590,0.137157,1033100,141698
14.5820,1539.64,30.02,1.15862e-3,12.8395,0.133155,1098480,146268
31.4159,1548.35,30.01,6.74747e-4,8.00336,0.128353,1176480,151005
67.6836,1556.96,30.02,3.86761e-4,4.90018,0.208371,1240340,258450
145.820,1565.68,30.00,2.72654e-4,3.56376,0.135153,1295280,175062
314.159,1574.29,30.02,2.31644e-4,3.23559,0.190547,1372110,261451
3.14159,1774.22,35.02,1.63859e-3,10.7843,0.148746,650986,96831.7
6.76836,1784.78,35.02,1.58284e-3,13.4561,0.169877,838118,142377
14.5820,1798.52,35.01,1.29178e-3,11.9223,0.157161,911744,143290
31.4159,1814.41,35.02,7.90772e-4,7.86602,0.153230,983251,150664
67.6836,1823.01,35.00,4.53555e-4,4.81396,0.161182,1047860,168896
145.820,1831.73,35.00,3.22617e-4,3.60325,0.168204,1101410,185261
314.159,1840.35,35.01,2.76345e-4,3.30700,0.220111,1168720,257247
3.14159,2038.31,40.03,1.65502e-3,6.92651,0.177776,412054,73253.2
6.76836,2051.65,40.03,1.63713e-3,10.4374,0.219580,622706,136734
14.5820,2065.85,40.01,1.43507e-3,10.1457,0.203233,692817,140803
31.4159,2079.35,40.02,9.43644e-4,7.30685,0.190977,760577,145253
67.6836,2087.96,40.01,5.44728e-4,4.60795,0.193500,830513,160704
145.820,2096.69,40.02,3.83019e-4,3.50034,0.203436,895539,182185
314.159,2105.31,39.99,3.24699e-4,3.20952,0.255379,957724,244583
3.14159,2303.26,45.02,1.72150e-3,4.78649,0.294671,266704,78589.8
6.76836,2315.67,45.02,1.72408e-3,7.88091,0.284257,439690,124985
14.5820,2328.96,45.02,1.60119e-3,8.37147,0.266297,505222,134539
31.4159,2341.06,45.01,1.15083e-3,6.76796,0.249110,570655,142156
67.6836,2354.34,45.00,6.99140e-4,4.57985,0.234491,637769,149551
145.820,2366.21,45.00,4.82278e-4,3.48929,0.237474,703925,167164
314.159,2378.52,45.00,4.02166e-4,3.18891,0.293325,760877,223184
3.14159,2576.45,50.03,1.79632e-3,3.25905,0.479593,163588,78455.8
6.76836,2588.86,50.02,1.85537e-3,5.79388,0.363914,293449,106790
14.5820,2598.71,50.01,1.79456e-3,6.66804,0.333146,352522,117441
31.4159,2609.19,50.00,1.42486e-3,6.12781,0.308139,410993,126643
67.6836,2619.75,50.01,9.04659e-4,4.43021,0.292929,469962,137665
145.820,2629.97,50.00,6.23171e-4,3.43524,0.290160,529415,153615
314.159,2641.07,50.02,5.11480e-4,3.20961,0.332971,595377,198243
3.14159,2838.98,55.04,1.90386e-3,2.15198,0.577578,97879.1,56532.8
6.76836,2849.54,55.01,2.11652e-3,4.25665,0.471653,181899,85793.2
14.5820,2858.98,55.01,2.10568e-3,5.21750,0.423836,228136,96692.5
31.4159,2872.28,55.01,1.83216e-3,5.46102,0.381617,278476,106271
67.6836,2880.88,55.00,1.25854e-3,4.42716,0.356595,331334,118152
145.820,2893.22,55.01,8.71321e-4,3.55496,0.350451,385037,134937
314.159,2905.40,55.02,7.08246e-4,3.38313,0.394656,444326,175356
3.14159,3103.34,60.04,2.09211e-3,1.71084,0.688825,67345.1,46389.0
6.76836,3119.48,60.03,2.31434e-3,2.83736,0.580445,106032,61545.5
14.5820,3128.91,60.02,2.56737e-3,4.06810,0.529935,140009,74195.7
31.4159,3137.62,59.99,2.39673e-3,4.76367,0.486407,178735,86937.9
67.6836,3146.23,60.02,1.80627e-3,4.36232,0.449133,220310,98948.3
145.820,3154.95,60.00,1.28268e-3,3.78277,0.441833,269755,119187
314.159,3163.56,59.99,1.03007e-3,3.66488,0.464223,322711,149810
3.14159,3361.49,65.04,2.51948e-3,1.23150,0.795343,38255.0,30425.9
6.76836,3372.04,65.01,2.79260e-3,1.95409,0.705779,57169.2,40348.8
14.5820,3381.48,64.99,3.10052e-3,2.94668,0.649641,79697.3,51774.6
31.4159,3390.19,65.03,3.32881e-3,4.14650,0.603824,106633,64387.3
67.6836,3398.81,65.01,2.76231e-3,4.39702,0.544778,139782,76150.4
145.820,3407.54,65.00,2.04411e-3,4.18728,0.542274,180074,97649.2
314.159,3416.17,65.01,1.63822e-3,4.18284,0.563291,222462,125311
3.14159,3614.10,70.02,3.35584e-3,0.903887,0.718880,21870.1,15722.0
6.76836,3624.65,70.03,3.69583e-3,1.41325,0.773963,30239.9,23404.6
14.5820,3634.08,69.99,4.09957e-3,2.19314,0.756448,42665.0,32273.8
31.4159,3642.79,70.03,4.48945e-3,3.33574,0.722538,60225.9,43515.5
67.6836,3651.40,70.01,4.03338e-3,4.05338,0.672203,83404.0,56064.4
145.820,3660.12,69.98,3.19033e-3,4.29087,0.633814,113600,72001.4
314.159,3668.74,70.04,2.58368e-3,4.51865,0.687115,144144,99043.7
3.14159,3866.69,75.00,4.45262e-3,0.716103,0.578910,13918.7,8057.65
6.76836,3877.25,75.02,4.90605e-3,1.05489,0.699290,17620.9,12322.1
14.5820,3886.68,74.98,5.42541e-3,1.63921,0.780839,23813.8,18594.7
31.4159,3895.38,75.02,5.97004e-3,2.56730,0.784873,33827.9,26550.6
67.6836,3903.99,75.01,6.20270e-3,3.83381,0.802791,48198.8,38693.5
145.820,3912.72,74.99,5.27910e-3,4.42625,0.755471,66899.7,50540.8
314.159,3921.33,75.01,4.39894e-3,5.02796,0.743925,91706.3,68222.6
3.14159,4119.27,80.00,6.51624e-3,0.743916,0.334675,10826.1,3623.24
6.76836,4129.82,80.03,7.17509e-3,0.988289,0.504948,12295.3,6208.50
14.5820,4139.26,80.04,7.91279e-3,1.43648,0.642694,15271.8,9815.11
31.4159,4147.96,80.02,8.69991e-3,2.19072,0.768710,19964.1,15346.6
67.6836,4156.58,80.01,9.27092e-3,3.30483,0.820701,27555.4,22614.7
145.820,4165.31,80.03,8.44130e-3,4.27112,0.847165,38606.5,32706.1
314.159,4173.94,79.98,7.31381e-3,5.29677,0.863935,54802.1,47345.5
3.14159,4371.87,85.04,9.63128e-3,0.937723,0.258971,9425.29,2440.88
6.76836,4382.42,84.97,0.0105870,1.12355,0.305514,10149.4,3100.80
14.5820,4391.86,85.03,0.0116531,1.45647,0.450612,11395.1,5134.78
31.4159,4400.56,85.04,0.0127871,2.06440,0.637082,13616.0,8674.48
67.6836,4409.16,85.01,0.0137567,2.93571,0.781424,16815.2,13139.8
145.820,4417.88,84.96,0.0141674,4.40648,0.854622,23644.5,20207.1
314.159,4426.50,85.02,0.0127850,5.76259,0.938678,32863.1,30847.9
3.14159,4624.44,90.03,0.0154922,1.38363,0.109677,8877.93,973.704
6.76836,4634.99,90.01,0.0170450,1.63870,0.176350,9467.87,1669.66
14.5820,4644.42,90.03,0.0187419,1.94826,0.267453,10042.3,2685.84
31.4159,4653.13,90.03,0.0205301,2.46665,0.402716,11145.0,4488.28
67.6836,4661.73,90.02,0.0221591,3.26972,0.509795,13146.0,6701.75
145.820,4670.46,90.01,0.0215705,4.30426,0.731237,16107.4,11778.3
314.159,4679.07,90.00,0.0200800,5.71796,0.906588,21096.7,19126.0
3.14159,4879.03,95.03,0.0231267,2.06552,0.0594862,8915.56,530.353
6.76836,4889.59,95.02,0.0254342,2.32373,0.0909934,9098.63,827.916
14.5820,4899.03,95.01,0.0279518,2.66566,0.154023,9425.46,1451.74
31.4159,4907.73,95.01,0.0305895,3.15509,0.240995,10027.2,2416.50
67.6836,4916.34,94.99,0.0317373,3.77286,0.355439,11201.2,3981.36
145.820,4925.07,95.04,0.0305907,4.37998,0.551135,12539.6,6911.03
314.159,4933.69,95.00,0.0290652,5.52511,0.765644,15093.4,11556.2
3.14159,5129.35,99.95,0.0325324,2.94906,0.0283664,9061.32,257.037
6.76836,5139.90,100.04,0.0357753,3.24285,0.0463530,9054.77,419.716
14.5820,5149.34,100.02,0.0367230,3.40130,0.0890647,9225.53,821.669
31.4159,5158.04,100.02,0.0365101,3.51253,0.144930,9521.23,1379.91
67.6836,5166.65,100.02,0.0358547,3.43708,0.230028,9342.18,2148.97
145.820,5175.37,100.02,0.0347307,3.99279,0.365642,10797.3,3947.95
314.159,5183.99,100.00,0.0333947,4.71029,0.558368,12315.2,6876.40
