reduced_freq_hz,temperature_C,storage_modulus_kPa,loss_modulus_kPa,tan_delta,used_in_fit
2.617713630934824e-11,100.0,9242.78,279.111,0.0301978,True
5.6207848446720483e-11,100.02,9357.46,523.489,0.0559435,True
6.241174081494827e-11,94.99,9069.69,425.63,0.0469288,True
1.2089300782243424e-10,100.03,9445.63,908.267,0.0961573,True
1.330262052375913e-10,95.05,9345.03,978.894,0.10475,True
1.5617519149240226e-10,90.03,9429.84,792.473,0.0840389,True
2.617713630934824e-10,100.0,9837.41,1495.32,0.152003,True
2.8917214810634815e-10,95.0,9777.14,1712.55,0.175158,True
3.3711311769766387e-10,90.02,9786.01,1931.81,0.197406,True
4.177396600133283e-10,85.05,10072.6,2432.92,0.241539,True
5.611352341414421e-10,100.03,10227.7,2194.92,0.214605,True
6.19665338206513e-10,95.03,10293.4,2753.75,0.267525,True
7.249025628239871e-10,90.03,10472.8,3230.76,0.30849,True
9.111005117571316e-10,84.99,10902.9,3848.81,0.353008,True
1.2139987415560487e-09,80.01,11084.9,5206.72,0.469714,True
1.221178307499962e-09,99.97,11375.8,4495.2,0.395156,True
1.3422172543938299e-09,95.0,11226.0,4782.6,0.426029,True
1.567730756735387e-09,90.01,12054.9,5548.86,0.460297,True
1.950904749449485e-09,85.02,12504.5,6486.69,0.518748,True
2.613319627709695e-09,100.01,13070.4,7741.57,0.592297,True
2.626981480102421e-09,79.99,13892.5,7821.91,0.563033,True
2.886550355125193e-09,95.01,13456.0,7928.51,0.589216,True
3.4165388811600677e-09,89.95,13917.1,8487.64,0.609871,True
3.775041918825541e-09,75.02,15640.1,10653.9,0.681193,True
4.2289480121197545e-09,84.99,15349.0,10261.3,0.668536,True
5.597957499000619e-09,80.04,17284.5,12210.4,0.706436,True
6.230011855502827e-09,95.0,16452.7,13411.9,0.815175,True
7.249025628239871e-09,90.03,17957.2,14138.6,0.78735,True
8.171533807633705e-09,75.0,21428.3,15438.7,0.720485,True
9.092393279694151e-09,85.0,22902.2,17538.3,0.76579,True
1.2166637924949499e-08,80.0,23232.1,18719.1,0.80574,True
1.2934660182938305e-08,69.99,25985.5,21378.7,0.822718,True
1.5617519149240224e-08,90.03,23654.6,22262.9,0.941164,True
1.7563587164964618e-08,75.01,28756.5,23209.4,0.807103,True
1.9429461524415114e-08,85.04,27147.4,23862.2,0.878989,True
2.621226368358417e-08,80.0,32759.9,28421.4,0.867565,True
2.7585003480961152e-08,70.03,38168.1,29786.9,0.780413,True
3.775041918825541e-08,75.02,40523.6,33243.9,0.820358,True
4.237605725774117e-08,84.98,38583.6,36838.9,0.954781,True
4.825621356888078e-08,65.01,50719.1,35770.6,0.705268,True
5.6225537133947816e-08,80.02,46196.3,39592.5,0.857049,True
5.9581360244785347e-08,70.02,53837.2,41456.4,0.770032,True
8.190826718784068e-08,74.99,58269.6,45223.4,0.776106,True
1.0339510173452497e-07,65.03,73593.1,50851.5,0.690981,True
1.2139987415560486e-07,80.01,65807.8,56946.1,0.865339,True
1.2836387706173033e-07,70.02,76557.8,54967.2,0.717983,True
1.7522229590848595e-07,75.02,82300.6,61424.3,0.74634,True
2.019528314784188e-07,60.01,90659.5,60154.7,0.663523,True
2.246025725758073e-07,65.0,101727.0,65387.8,0.642777,True
2.7725581701875114e-07,70.01,104522.0,70485.6,0.674363,True
3.810817069107859e-07,74.98,113550.0,81812.9,0.720503,True
4.363942748396156e-07,60.0,139561.0,77049.5,0.552083,True
4.865589914051708e-07,64.98,136409.0,80541.8,0.590444,True
5.958136024478534e-07,70.02,139949.0,90739.3,0.648373,True
9.34593155969422e-07,60.02,180221.0,90887.9,0.504315,True
9.537360157560734e-07,55.02,143099.0,73183.9,0.51142,True
1.0396500678671307e-06,65.01,177239.0,96029.1,0.541807,True
1.290181434680706e-06,70.0,180251.0,119068.0,0.660566,True
2.019528314784188e-06,60.01,228498.0,105877.0,0.463359,True
2.0481075363372514e-06,55.03,237704.0,102591.0,0.431591,True
2.233711725999349e-06,65.02,224044.0,116440.0,0.519721,True
4.325080842675997e-06,60.03,280887.0,121167.0,0.431374,True
4.455692875375928e-06,55.0,293135.0,114682.0,0.391224,True
4.865589914051708e-06,64.98,275921.0,149529.0,0.541927,True
5.182762825714869e-06,50.03,233315.0,89635.9,0.384184,True
9.401836361705456e-06,60.0,340226.0,139374.0,0.409651,True
9.506459696413526e-06,55.03,351934.0,125849.0,0.357591,True
1.1165939730854599e-05,50.03,371686.0,122377.0,0.329248,True
2.019528314784188e-05,60.01,399138.0,176961.0,0.443358,True
2.0547648482465173e-05,55.02,415199.0,137846.0,0.332,True
2.4486768316583653e-05,49.98,438350.0,131581.0,0.300173,True
3.3448466658110384e-05,45.01,382068.0,101249.0,0.265003,True
4.441251706049493e-05,55.01,478445.0,156400.0,0.326892,True
5.2011728462688914e-05,50.02,505954.0,142799.0,0.282236,True
7.178278117579697e-05,45.02,536767.0,137070.0,0.255362,True
9.599478933172581e-05,55.0,547723.0,199477.0,0.364194,True
0.00011325483721100157,49.99,574321.0,155367.0,0.270524,True
0.00015405094542930483,45.03,609330.0,145554.0,0.238876,True
0.00024227528057217752,50.01,643808.0,175016.0,0.271846,True
0.0002557226718644075,40.03,550220.0,100419.0,0.182507,True
0.0003344846665811038,45.01,684496.0,151377.0,0.221151,True
0.000523819940484772,50.0,709275.0,223002.0,0.314409,True
0.000555683741283017,40.01,735689.0,140848.0,0.191451,True
0.0007178278117579696,45.02,754122.0,162896.0,0.216007,True
0.0011869620164078668,40.03,809303.0,151152.0,0.186768,True
0.0015525435871917264,45.01,820376.0,183533.0,0.223718,True
0.0024406906776154344,35.03,708637.0,88680.9,0.125143,True
0.002579251819905137,40.01,886694.0,155201.0,0.175033,True
0.003331856868045907,45.02,889340.0,242199.0,0.272335,True
0.005308501719498842,35.01,951496.0,140035.0,0.147173,True
0.00558072346296385,40.0,954611.0,163796.0,0.171584,True
0.011436828430185762,35.01,1030560.0,153767.0,0.149207,True
0.011971851845039202,40.01,1022770.0,191038.0,0.186786,True
0.024639847639546894,35.01,1105310.0,155063.0,0.140289,True
0.02579251819905137,40.01,1089340.0,264303.0,0.242626,True
0.030057579477237185,30.02,943619.0,103263.0,0.109433,True
0.053085017194988406,35.01,1201470.0,160805.0,0.13384,True
0.06510066038974864,30.01,1164740.0,143938.0,0.12358,True
0.11436828430185761,35.01,1233570.0,184581.0,0.149631,True
0.14025522132441456,30.01,1240190.0,150910.0,0.121683,True
0.24639847639546894,35.01,1303390.0,269848.0,0.207036,True
0.2989902778974676,30.03,1333760.0,166819.0,0.125074,True
0.4941059977302669,25.02,1176620.0,97139.3,0.0825579,True
0.6544603621979508,30.0,1381180.0,164687.0,0.119236,True
1.0708497121192153,25.01,1374970.0,142764.0,0.10383,True
1.4099931152554708,30.0,1435950.0,199508.0,0.138938,True
2.307077416408465,25.01,1438710.0,155809.0,0.108297,True
3.0057579477237186,30.02,1509350.0,287863.0,0.19072,True
4.941059977302669,25.02,1519270.0,152020.0,0.100061,True
10.708497121192153,25.01,1588830.0,174717.0,0.109966,True
11.507126427476939,20.02,1396260.0,76464.6,0.0547638,True
23.207973801660177,25.0,1622630.0,204821.0,0.126228,True
24.957759028969555,20.01,1549990.0,145707.0,0.0940048,True
49.41059977302669,25.02,1682110.0,304050.0,0.180756,True
53.76990026541644,20.01,1616230.0,136641.0,0.0845432,True
115.07126427476939,20.02,1684470.0,169283.0,0.100496,True
251.2528915002064,20.0,1741200.0,260924.0,0.149853,True
406.91270854496764,15.02,1571340.0,75890.9,0.048297,True
537.6990026541644,20.01,1814940.0,195341.0,0.107629,True
876.668088454387,15.02,1727900.0,149132.0,0.0863079,True
1158.4349264492498,20.01,1828310.0,327499.0,0.179127,True
1903.144666443898,15.01,1798320.0,140935.0,0.0783707,True
4100.192190819836,15.01,1852890.0,136381.0,0.0736045,True
8766.680884543868,15.02,1926700.0,157184.0,0.0815822,True
19031.446664438976,15.01,1925840.0,184039.0,0.0955631,True
23882.884541322343,10.02,1697360.0,52213.9,0.0307619,True
41001.921908198354,15.01,1999280.0,294944.0,0.147526,True
51454.187342748264,10.02,1891040.0,156499.0,0.0827581,True
111826.15633550382,10.01,1942390.0,120797.0,0.0621901,True
240921.63933757742,10.01,2012940.0,135731.0,0.0674289,True
519050.66760044615,10.01,1906230.0,195237.0,0.10242,True
1118261.5633550382,10.01,2095970.0,195531.0,0.0932889,True
2409216.3933757744,10.01,2151670.0,309051.0,0.143633,True
5687752.209811328,5.01,2059000.0,131843.0,0.0640322,True
12253899.426665956,5.01,2104190.0,127253.0,0.0604761,True
26400170.003990874,5.01,2163850.0,126571.0,0.0584933,True
56877522.098113276,5.01,2181770.0,147464.0,0.067589,True
122538994.26665954,5.01,2189000.0,138955.0,0.0634789,True
266685207.0715711,5.0,2229600.0,397621.0,0.178337,True
1389607777.0222204,-0.01,2158390.0,176938.0,0.0819766,True
2993821339.9609385,-0.01,2275680.0,85934.3,0.0377621,True
6449978866.69036,-0.01,2336140.0,92976.2,0.0397991,True
13732211226.023474,0.0,2332770.0,104634.0,0.0448538,True
29585173379.94348,0.0,2390470.0,137127.0,0.0573638,True
64499788666.903595,-0.01,2394940.0,314043.0,0.131128,True
