material,sample,file,rundate,geometry,length_mm,width_mm,thickness_mm,n_steps,steps
A0V100,A0V100-1,/home/alex/projects/3D-printing/dogbone-experiments/data/dma/raw/A0V100/A0V100-1.txt,9/22/2026 5:42:19 PM,Tension fixture (rectangle),10.01,3.0,1.0,2,tma_ramp;temp_sweep
A0V100,A0V100-2,/home/alex/projects/3D-printing/dogbone-experiments/data/dma/raw/A0V100/A0V100-2.txt,9/23/2026 10:47:25 AM,Tension fixture (rectangle),10.026,3.0,1.0,2,tma_ramp;temp_sweep
A0V100,A0V100-4,/home/alex/projects/3D-printing/dogbone-experiments/data/dma/raw/A0V100/A0V100-4.txt,9/24/2026 4:20:03 PM,Tension fixture (rectangle),10.6,3.0,1.0,2,tma_ramp;temp_sweep
A0V100,A0V100-5,/home/alex/projects/3D-printing/dogbone-experiments/data/dma/raw/A0V100/A0V100-5.txt,9/29/2026 8:31:23 AM,Tension fixture (rectangle),10.01,3.0,1.0,1,temp_sweep
A100V0,A100V0-1,/home/alex/projects/3D-printing/dogbone-experiments/data/dma/raw/A100V0/A100V0-1.txt,9/22/2026 6:38:20 PM,Tension fixture (rectangle),10.95,3.0,1.0,2,tma_ramp;temp_sweep
A100V0,A100V0-2,/home/alex/projects/3D-printing/dogbone-experiments/data/dma/raw/A100V0/A100V0-2.txt,9/24/2026 2:43:33 PM,Tension fixture (rectangle),10.39,3.0,1.0,2,tma_ramp;temp_sweep
A100V0,A100V0-3,/home/alex/projects/3D-printing/dogbone-experiments/data/dma/raw/A100V0/A100V0-3.txt,9/29/2026 4:00:25 PM,Tension fixture (rectangle),10.83,3.0,1.0,2,tma_ramp;temp_sweep
A25V75,A25V75-1,/home/alex/projects/3D-printing/dogbone-experiments/data/dma/raw/A25V75/A25V75-1.txt,9/22/2026 4:25:13 PM,Tension fixture (rectangle),6.055,3.0,1.0,2,tma_ramp;temp_sweep
A25V75,A25V75-2,/home/alex/projects/3D-printing/dogbone-experiments/data/dma/raw/A25V75/A25V75-2.txt,9/23/2026 9:04:56 AM,Tension fixture (rectangle),10.07,3.0,1.0,2,tma_ramp;temp_sweep
A25V75,A25V75-3,/home/alex/projects/3D-printing/dogbone-experiments/data/dma/raw/A25V75/A25V75-3.txt,9/24/2026 10:46:24 AM,Tension fixture (rectangle),10.01,3.0,1.0,2,tma_ramp;temp_sweep
A25V75,A25V75-4,/home/alex/projects/3D-printing/dogbone-experiments/data/dma/raw/A25V75/A25V75-4.txt,9/29/2026 10:29:05 AM,Tension fixture (rectangle),10.03,3.0,1.0,2,tma_ramp;temp_sweep
A50V50,A50V50-6,/home/alex/projects/3D-printing/dogbone-experiments/data/dma/raw/A50V50/A50V50-6.txt,9/22/2026 3:09:19 PM,Tension fixture (rectangle),6.4322,3.0,1.0,1,temp_sweep
A50V50,A50V50-7,/home/alex/projects/3D-printing/dogbone-experiments/data/dma/raw/A50V50/A50V50-7.txt,9/22/2026 8:16:24 PM,Tension fixture (rectangle),10.01,3.0,1.0,2,tma_ramp;temp_sweep
A50V50,A50V50-8,/home/alex/projects/3D-printing/dogbone-experiments/data/dma/raw/A50V50/A50V50-8.txt,9/24/2026 9:07:59 AM,Tension fixture (rectangle),10.0,3.0,1.0,2,tma_ramp;temp_sweep
A50V50,A50V50-9,/home/alex/projects/3D-printing/dogbone-experiments/data/dma/raw/A50V50/A50V50-9.txt,9/29/2026 12:10:51 PM,Tension fixture (rectangle),10.03,3.0,1.0,2,tma_ramp;temp_sweep
A75V25,A75V25-2,/home/alex/projects/3D-printing/dogbone-experiments/data/dma/raw/A75V25/A75V25-2.txt,9/22/2026 9:22:18 AM,Tension fixture (rectangle),8.0,3.0,1.0,2,tma_ramp;temp_sweep
A75V25,A75V25-3,/home/alex/projects/3D-printing/dogbone-experiments/data/dma/raw/A75V25/A75V25-3.txt,9/24/2026 12:27:07 PM,Tension fixture (rectangle),10.06,3.0,1.0,2,tma_ramp;temp_sweep
A75V25,A75V25-4,/home/alex/projects/3D-printing/dogbone-experiments/data/dma/raw/A75V25/A75V25-4.txt,9/29/2026 1:57:29 PM,Tension fixture (rectangle),10.02,3.0,1.0,2,tma_ramp;temp_sweep
