material,hyperelastic_base,rate_group,test_id,rmse_mpa,rmse_pct_of_peak_bb,rmse_pct_of_peak_prf_1d,improvement_pct_points
A0V100,ArrudaBoyce,very slow,10,0.3809776498984918,2.5319369746135494,6.263481713749826,3.7315447391362766
A0V100,ArrudaBoyce,slow,1,0.5095802115741965,3.0510029191279173,8.016667814083222,4.965664894955305
A0V100,ArrudaBoyce,fast,4,0.4725912143045036,2.841374635494586,3.0243362473331867,0.18296161183860082
A25V75,ArrudaBoyce,very slow,10,0.7778859689712079,4.123741723528944,8.532848144644134,4.40910642111519
A25V75,ArrudaBoyce,slow,1,0.7592354043118482,3.469469029244581,11.503394893457276,8.033925864212694
A25V75,ArrudaBoyce,fast,4,1.003465367658445,3.8583946601401324,13.293509456948428,9.435114796808296
A50V50,ArrudaBoyce,very slow,13,0.9457870350650993,9.319752947249267,16.034991490501184,6.7152385432519175
A50V50,ArrudaBoyce,slow,4,1.1303555804275605,10.5211399225557,18.796523412880823,8.275383490325124
A50V50,ArrudaBoyce,fast,7,0.8316443027127858,4.708815168081609,4.446328851082836,-0.262486316998773
A75V25,ArrudaBoyce,very slow,8,0.3416534386767317,12.456167419554149,11.57740121293694,-0.8787662066172093
A75V25,ArrudaBoyce,slow,1,0.39438877406206235,10.785646673569826,14.444609495389091,3.658962821819266
A75V25,ArrudaBoyce,fast,4,0.5014228728155997,8.949929939620471,13.044350917766671,4.0944209781462
A100V0,ArrudaBoyce,very slow,7,0.009953104421299977,4.282199036572491,4.585541931512452,0.303342894939961
A100V0,ArrudaBoyce,slow,1,0.033626382393189935,9.837468349763553,11.179269461690968,1.3418011119274151
A100V0,ArrudaBoyce,fast,4,0.049557467393906804,6.715653878014573,6.266051506676884,-0.4496023713376891
