material,rate_group,test_id,rmse_mpa_qlv,rmse_pct_of_peak_qlv,rmse_mpa_prf,rmse_pct_of_peak_prf,improvement_pct_points
A0V100,very slow,10,1.6094249108866956,10.690174979817604,0.9429783439488898,6.263481713749826,4.426693266067778
A0V100,slow,1,2.190966329395046,13.117943975973951,1.3389483357125906,8.016667814083222,5.101276161890729
A0V100,fast,4,0.5460824487761748,3.281233453291527,0.5033280829834086,3.0243362473331867,0.2568972059583401
A25V75,very slow,10,2.617106596828058,13.862993936423697,1.610862218615465,8.532848144644134,5.330145791779563
A25V75,slow,1,4.247141354854253,19.400959830617843,2.5182539729873636,11.503394893457276,7.897564937160567
A25V75,fast,4,5.1411931269473135,19.765313918904294,3.4577998474238805,13.293509456948428,6.471804461955866
A50V50,very slow,13,3.6273720053491085,35.72520279001922,1.628118938345259,16.034991490501184,19.690211299518033
A50V50,slow,4,4.750841133173813,44.21854494983978,2.019498757633869,18.796523412880823,25.422021536958958
A50V50,fast,7,4.427823007646707,25.070574128839034,0.7852854539833235,4.446328851082836,20.6242452777562
A75V25,very slow,8,0.5642988899529692,20.549988103681034,0.3179133058393462,11.57740121293694,8.972586890744095
A75V25,slow,1,0.8779977471726127,23.988374827484723,0.5286866945737794,14.444609495389091,9.543765332095631
A75V25,fast,4,1.135316322441567,20.256030811779887,0.731113842104925,13.044350917766671,7.211679894013216
A100V0,very slow,7,0.25110191660276515,107.78941901756909,0.010682294961414016,4.585541931512452,103.20387708605664
A100V0,slow,1,0.28705245995912854,83.97779625980792,0.03821291987225214,11.179269461690968,72.79852679811695
A100V0,fast,4,0.29686203382440296,40.20713892218281,0.04626424172883123,6.266051506676884,33.941087415505926
