material,hyperelastic_base,C1,C2,C3,K,gamma1,gamma2,gamma3,tau1,tau2,tau3,cost,nfev,de_success,old_cost,wall_time_s
A0V100,NeoHooke,982.9244103338311,0.0,0.0,98292.44103338312,0.17327007799965655,0.16555754834214034,0.661168311299679,0.5785598050342767,36.93733808805935,3339.5161024608738,0.0016938704471292497,21193,False,0.0008469352236422,1114.4650180339813
A0V100,Yeoh,492.14377214432534,-999.9999999935717,-999.9987863647566,49214.377214432534,0.17355792650984372,0.16446240021576874,0.6619756059556872,0.572854715814168,36.88869690270076,3353.40069361333,0.001692287448634236,27265,False,0.0008461437243556,1499.5832252502441
A0V100,MooneyRivlin,79.60155082920399,124.66321902111855,0.0,7960.155082920399,0.17361394377372538,0.17006812645241098,0.6563138924160669,0.5960381582770182,37.332402715967646,3222.4528498307973,0.0015961159706454216,24210,False,0.0007980579853198,2460.644079208374
A25V75,NeoHooke,660.7604422138746,0.0,0.0,66076.04422138746,0.27345327679642284,0.3130287341443738,0.41351544832623677,1.0350158390364679,78.01248304313009,3555.630277728785,0.007159964881797317,21185,False,0.0035799824410343,1123.933396577835
A25V75,Yeoh,329.99895676596043,-999.9999999610138,-999.9999987400186,32999.89567659605,0.2658672244276707,0.3031846187270391,0.43094550902456996,0.9861458673048571,77.09092120285823,3440.5168595078226,0.006721104695988536,27205,False,0.0033605523480995,1475.699524641037
A25V75,MooneyRivlin,26.47968815423519,76.09378558556546,0.0,2647.968815423519,0.2846736007376869,0.31146756867596764,0.4038563492071731,1.0082910417986568,76.7703736021358,3250.808001556339,0.005740027538640037,24129,False,0.0028700137693125,2060.3127999305725
A50V50,NeoHooke,233.94532616417305,0.0,0.0,23394.532616417306,1.7032335654944163e-05,0.659501589641973,0.20228147351379552,124.36040187464089,1.174204771619912,123.87578379421655,0.11200851028757032,21161,False,0.0560042551432138,1145.049429178238
A50V50,Yeoh,139.4827184690877,-999.9999999999991,-999.99999998508,13948.27184690877,0.5881422331856847,0.1019742939936603,0.30988156884249163,1.3041697942971076,99992.19840276857,213.5300290083389,0.061503005598457464,27225,False,0.0307515027993515,1445.617246389389
A50V50,MooneyRivlin,2.119385689259616,23.225291669005856,0.0,211.9385689259616,0.055873474158132694,0.7353592884122946,0.20876595472721102,99923.51027574594,0.6824849080512649,168.18203753989656,0.058521796903773696,24129,False,0.0292608984518842,2008.0204145908356
A75V25,NeoHooke,73.14896005628142,0.0,0.0,7314.896005628142,0.8548501989264805,8.918261779420791e-07,0.027947328261173267,0.3695953502146624,4669.894442737077,112.72854415781683,0.0793766645161178,21153,False,0.0396883322585815,808.0531544685364
A75V25,Yeoh,39.96371966594763,-108.25832124039192,-999.9999990325903,3996.371966594763,0.48433729493083594,0.33207738382894236,0.11082139326562279,1.3688495680207113,0.07718882649656497,215.10660169040491,0.04326231670371908,27185,False,0.021631158352069,1187.2257342338562
A75V25,MooneyRivlin,6.437087405293823,9.86743141930856,0.0,643.7087405293823,2.36355619989866e-05,0.7084699085184873,0.11995035788004857,239.18574028884177,1.2873984589823522,217.16132611807552,0.04574931986919896,24129,False,0.0228746599346468,1810.8190262317657
A100V0,NeoHooke,1.5437329149164638,0.0,0.0,154.37329149164637,0.8467733654980665,9.414512338387643e-07,0.0037931040654401635,0.1000000000058129,519.7731772462174,13.008876890285224,0.11184558228311701,21161,False,0.0559227911419417,442.4753966331482
A100V0,Yeoh,2.125738021833112,-2.2738881974062437,1.9965939852731895,212.5738021833112,0.5476818636608098,0.36365254348822457,0.006631861242805457,0.10000000000581162,0.10000000000581162,24.510554083335876,0.03141852576887946,27215,False,0.0157092628838985,652.9536759853363
A100V0,MooneyRivlin,0.24793163456781955,0.984490580931158,0.0,24.793163456781954,2.440004089227961e-05,0.878123321171321,0.007587652266448736,16.746566778297144,0.10000000000457782,16.71515823522732,0.031022167540320413,24147,False,0.0155110837705148,1125.3994369506836
