material,hyperelastic_base,rate_group,test_id,rmse_mpa,rmse_pct_of_peak_marmot,rmse_pct_of_peak_qlv,improvement_pct_points
A0V100,MooneyRivlin,very slow,10,0.10530645856699944,0.6998555326865938,10.690174979817604,9.99031944713101
A0V100,MooneyRivlin,slow,1,0.3511407810389443,2.102380594146534,13.117943975973953,11.01556338182742
A0V100,MooneyRivlin,fast,4,0.3400809651590847,2.044679205134205,3.281233453291527,1.2365542481573217
A0V100,NeoHooke,very slow,10,0.13359660693527767,0.8878688523394178,10.690174979817604,9.802306127478186
A0V100,NeoHooke,slow,1,0.3524301178452073,2.1101002235008512,13.117943975973953,11.007843752473102
A0V100,NeoHooke,fast,4,0.35296440288838027,2.1221386924754313,3.281233453291527,1.1590947608160955
A0V100,Yeoh,very slow,10,0.13596541745049387,0.903611715289324,10.690174979817604,9.78656326452828
A0V100,Yeoh,slow,1,0.35119576599931496,2.1027098048787973,13.117943975973953,11.015234171095155
A0V100,Yeoh,fast,4,0.35284797758755054,2.1214387050725882,3.281233453291527,1.1597947482189386
A25V75,MooneyRivlin,very slow,10,0.515434537591079,2.732429936001138,13.862993936423695,11.130564000422558
A25V75,MooneyRivlin,slow,1,0.8220535569303179,3.7565283967956513,19.400959830617843,15.644431433822191
A25V75,MooneyRivlin,fast,4,0.8663690247090666,3.331249613973805,19.76531391890429,16.434064304930487
A25V75,NeoHooke,very slow,10,0.6213270443035788,3.293789011184003,13.862993936423695,10.569204925239692
A25V75,NeoHooke,slow,1,0.8349348633130345,3.815391949914005,19.400959830617843,15.585567880703838
A25V75,NeoHooke,fast,4,1.0004422517134854,3.846770567475893,19.76531391890429,15.918543351428397
A25V75,Yeoh,very slow,10,0.5983688795629039,3.172082815657707,13.862993936423695,10.690911120765989
A25V75,Yeoh,slow,1,0.8190541093612748,3.7428218567864033,19.400959830617843,15.65813797383144
A25V75,Yeoh,fast,4,0.9659440594014833,3.714122600449668,19.76531391890429,16.051191318454624
A50V50,MooneyRivlin,very slow,13,1.0921764069203093,10.762268787720325,35.72520279001922,24.962934002298894
A50V50,MooneyRivlin,slow,4,1.3081230752920376,12.175766767007524,44.21854494983978,32.04277818283226
A50V50,MooneyRivlin,fast,7,1.1966841824891892,6.775690774923169,25.070574128839034,18.294883353915864
A50V50,NeoHooke,very slow,13,1.6510397767566178,16.26928923210936,35.72520279001922,19.455913557909856
A50V50,NeoHooke,slow,4,1.4320947782024085,13.329672365690158,44.21854494983978,30.888872584149624
A50V50,NeoHooke,fast,7,1.8464957003514555,10.454958848693298,25.070574128839034,14.615615280145736
A50V50,Yeoh,very slow,13,1.1224449913896264,11.060534379083146,35.72520279001922,24.664668410936073
A50V50,Yeoh,slow,4,1.3180737255949833,12.268385572957165,44.21854494983978,31.950159376882617
A50V50,Yeoh,fast,7,1.2808419167759897,7.252196432965207,25.070574128839034,17.818377695873828
A75V25,MooneyRivlin,very slow,8,0.2208417899704783,8.051557507398908,20.549988103681034,12.498430596282127
A75V25,MooneyRivlin,slow,1,0.3795610186190761,10.3801408841353,23.988374827484723,13.608233943349424
A75V25,MooneyRivlin,fast,4,0.5312118159968362,9.481634751868732,20.256030811779887,10.774396059911155
A75V25,NeoHooke,very slow,8,0.27159360977741814,9.901892065162402,20.549988103681034,10.648096038518633
A75V25,NeoHooke,slow,1,0.5258136995914791,14.379823039851113,23.988374827484723,9.60855178763361
A75V25,NeoHooke,fast,4,0.6000520840483152,10.710369238243088,20.256030811779887,9.5456615735368
A75V25,Yeoh,very slow,8,0.20911688821482105,7.6240853302946725,20.549988103681034,12.925902773386362
A75V25,Yeoh,slow,1,0.36386949512996913,9.951012979757126,23.988374827484723,14.037361847727597
A75V25,Yeoh,fast,4,0.5237397440347716,9.348265246427614,20.256030811779887,10.907765565352273
A100V0,MooneyRivlin,very slow,7,0.0036063923156469694,1.5516053128626617,107.78941901756907,106.23781370470641
A100V0,MooneyRivlin,slow,1,0.014599851590644773,4.271217053764912,83.97779625980792,79.706579206043
A100V0,MooneyRivlin,fast,4,0.08619621631562256,11.680660550489836,40.20713892218281,28.52647837169297
A100V0,NeoHooke,very slow,7,0.011556081745834838,4.971860037222799,107.78941901756907,102.81755898034628
A100V0,NeoHooke,slow,1,0.035663862583742344,10.433537431874772,83.97779625980792,73.54425882793315
A100V0,NeoHooke,fast,4,0.14650612328524545,19.853403870965575,40.20713892218281,20.35373505121723
A100V0,Yeoh,very slow,7,0.011679800771289939,5.025088604831891,107.78941901756907,102.76433041273718
A100V0,Yeoh,slow,1,0.019673908432332497,5.755642972715778,83.97779625980792,78.22215328709214
A100V0,Yeoh,fast,4,0.07569075061039496,10.25703914258199,40.20713892218281,29.95009977960082
