material,rate_group,rate_mm_s,g1,tau1,g2,tau2,g3,tau3,g_inf
A0V100,very slow,0.01667234424366464,0.09571808573521837,306.8651842125959,0.09517251220728504,31.404918382549344,0.15310065040024018,395.13364433573224,0.6560087516572564
A0V100,slow,0.16705446599981968,0.08448636094018913,5.268628843586906,0.1044969784461346,39.158649455663415,0.21834199910519364,361.4147441842116,0.5926746615084826
A0V100,fast,1.62255905128422,0.122488707598834,3.205024404161779,0.111279820447074,30.418420264926247,0.19107814667470746,383.8746698155059,0.5751533252793846
A25V75,very slow,0.0166674327674995,0.17862595380064414,167.64246769211758,0.10712165949619856,29.171712364686353,0.3678601053410334,1745.027730492098,0.34639228136212386
A25V75,slow,0.1667750055148558,0.15562716404039947,25.846713571433128,0.10895191762744842,3.9026648936038755,0.24703457355301964,213.27570462308955,0.48838634477913256
A25V75,fast,1.6614119891663146,0.15168511278842162,1.299260116925107,0.17293971572355557,15.394775811413128,0.23506183239141665,200.93509468296588,0.4403133390966062
A50V50,very slow,0.016667045905221143,0.17305097938416733,20.739296266626344,0.24195523364577465,121.82612869947346,0.40310539965080233,1752.5391630283154,0.18188838731925566
A50V50,slow,0.1667078391009924,0.19618565123220116,2.58003325571828,0.24176932556539818,18.971061331051573,0.2087036271068419,180.6045578679622,0.3533413960955588
A50V50,fast,1.666491640308803,0.2676508067195053,0.5009418146632533,0.2769542126493786,5.794315168269509,0.19890480255173548,97.32205609674494,0.25649017807938057
