material,hyperelastic_base,C1,C2,C3,K,gamma1,gamma2,gamma3,tau1,tau2,tau3,cost,nfev
A0V100,MooneyRivlin,79.60155082894,124.6632190211904,0.0,7960.155082894001,0.1736139436975122,0.170068126435673,0.6563138925090174,0.5960381585793235,37.332402716096766,3222.452849839364,0.0007980579853198,100
A0V100,NeoHooke,982.9244103314628,0.0,0.0,98292.44103314629,0.1732700780082821,0.1655575479790264,0.6611683116541833,0.5785598051507329,36.93733808830704,3339.5161024713148,0.0008469352236422,25
A0V100,Ogden,816.6199779194734,2.0,0.0,81661.99779194735,0.0790207544440701,0.099629420356101,0.2193301114035103,4.858225221129433,39.40586963373548,396.3013071295435,1.6771276441201255,1
A0V100,Yeoh,492.1437721443261,-999.9999999935726,-999.9987863647576,49214.37721443261,0.1735579265098436,0.1644624002157692,0.6619756059556867,0.5728547158155194,36.88869690269459,3353.4006936133287,0.0008461437243556,35
A100V0,MooneyRivlin,0.2479342269837811,0.9844897236820989,0.0,24.79342269837811,2.4400102336392947e-05,0.8781233036055404,0.007587657774874239,16.746564767754812,0.10000000000000002,16.715156981246523,0.015511083770514819,30
A100V0,NeoHooke,1.543733048883126,0.0,0.0,154.3733048883126,0.8467733638048761,9.414512159688636e-07,0.003793103793904763,0.10000000000000002,519.7731773094621,13.008876949594894,0.05592279114194172,94
A100V0,Ogden,0.0122747995941621,2.060725235706206,0.0,1.2274799594162185,0.0029011038355167,0.2989263980035045,0.6978757719006635,30.38017741267868,2.528367768626844,30.90951345323504,0.1719363061660546,100
A100V0,Yeoh,2.1257379488916914,-2.2738882867768324,1.9965939904048295,212.57379488916914,0.5476818387237086,0.3636525573968056,0.006631861339781239,0.10000000000000002,0.10000000000000002,24.510553961720007,0.0157092628838985,25
A25V75,MooneyRivlin,26.479688154235017,76.09378558556503,0.0,2647.968815423502,0.284673600737687,0.3114675686759676,0.403856349207173,1.008291041796045,76.77037360212958,3250.808001556342,0.0028700137693125,67
A25V75,NeoHooke,660.7604422135365,0.0,0.0,66076.04422135366,0.2734532773909539,0.3130287334514209,0.4135154484246658,1.035015836682068,78.01248304383337,3555.6302777298124,0.0035799824410343,38
A25V75,Ogden,464.64432957315233,2.0,0.0,46464.43295731524,0.0907140067813276,0.1486105612295006,0.2585549395412133,2.404251621977599,23.101450211262453,232.15219582393416,1.6975974578578523,1
A25V75,Yeoh,329.99895676503274,-999.9999999769788,-999.9999987417748,32999.89567650328,0.2658672366772173,0.3031846210492575,0.4309454944528946,0.9861458958038324,77.09092126201253,3440.5168593799585,0.0033605523480995,43
A50V50,MooneyRivlin,2.1193856892593894,23.225291669006047,0.0,211.9385689259389,0.0558734741581327,0.7353592884122946,0.208765954727211,99923.51027574594,0.6824849080471486,168.18203753989673,0.0292608984518842,100
A50V50,NeoHooke,233.94532611585265,0.0,0.0,23394.532611585262,1.703233293809826e-05,0.659501548463132,0.202281494299497,124.36040190290076,1.1742047088480432,123.87578364949196,0.0560042551432138,55
A50V50,Ogden,102.14106476820923,2.0,0.0,10214.106476820923,0.1427229146002828,0.2325477455794203,0.2606803411912929,0.8715967636212343,11.141986991513363,145.21984380736745,1.7380279468473834,1
A50V50,Yeoh,139.4827184706978,-1000.0,-999.9999999906844,13948.271847069778,0.5881422241077087,0.1019742955197448,0.3098815763943368,1.3041698039445002,99992.19840276743,213.5300290235888,0.0307515027993515,46
A75V25,MooneyRivlin,6.437087405293458,9.867431419308742,0.0,643.7087405293458,2.36355619989866e-05,0.7084699085184877,0.11995035788004846,239.18574028884532,1.2873984589749017,217.16132611807555,0.02287465993464681,21
A75V25,NeoHooke,73.14896001435673,0.0,0.0,7314.8960014356735,0.854850059689376,8.918270355245869e-07,0.027947344182923575,0.3695946998531792,4669.8944426871185,112.7285447177329,0.03968833225858158,22
A75V25,Ogden,18.496358106701404,2.0,0.0,1849.6358106701405,0.1615212578506856,0.2381224245814701,0.2195629858014147,0.741292177371832,8.977627132723697,126.8671976796228,1.754726386129609,1
A75V25,Yeoh,39.96372053939636,-108.25832093377511,-999.9999989966715,3996.3720539396363,0.48433727632428214,0.33207735204277905,0.1108214919388595,1.3688496655162088,0.07718950925358156,215.10660247044848,0.021631158352069076,51
