reduced_freq_hz,source_temperature_C,storage_modulus_kPa,loss_modulus_kPa,tan_delta
3.041279253801992e-08,90.01571428571428,5631.04,404.384,0.0718135
6.552246744566684e-08,90.01571428571428,5735.64,637.546,0.111155
8.697712167835073e-08,85.01285714285714,5728.47,778.199,0.135848
1.411639777276495e-07,90.01571428571428,5988.08,1096.7,0.183147
1.8738679181016048e-07,85.01285714285714,5994.5,1226.44,0.204594
2.3775425083336002e-07,80.01714285714286,6104.3,1473.82,0.24144
3.0412792538019916e-07,90.01571428571428,6454.85,1775.8,0.275111
4.037128932526875e-07,85.01285714285714,6553.93,2044.13,0.311893
5.122267263298142e-07,80.01714285714286,6829.47,2496.12,0.365492
6.552246744566684e-07,90.01571428571428,7198.52,2818.02,0.391472
8.582072779403775e-07,75.01142857142858,7783.92,2828.71,0.363404
8.697712167835074e-07,85.01285714285714,7494.8,3225.11,0.430313
1.1035598170518928e-06,80.01714285714286,8023.39,3760.9,0.468742
1.411639777276495e-06,90.01571428571428,8437.66,4508.28,0.534304
1.848954132054321e-06,75.01142857142858,8912.16,4549.76,0.510511
1.8738679181016046e-06,85.01285714285714,8947.81,4902.47,0.547896
2.3775425083336003e-06,80.01714285714286,9808.85,5709.18,0.582044
3.0412792538019916e-06,90.01571428571428,10362.6,7117.46,0.686841
3.1735354948910973e-06,70.01285714285714,10682.9,5663.93,0.530189
3.983453769246332e-06,75.01142857142858,11251.6,6843.83,0.608254
4.037128932526874e-06,85.01285714285714,11203.8,7613.26,0.679526
5.122267263298141e-06,80.01714285714286,12582.7,8327.23,0.661801
6.837184579210244e-06,70.01285714285714,13753.9,8129.38,0.591058
8.582072779403774e-06,75.01142857142858,14562.6,9426.7,0.647322
8.697712167835073e-06,85.01285714285714,14553.3,11475.8,0.788532
1.1035598170518928e-05,80.01714285714286,16611.8,11952.2,0.719501
1.1320039718800728e-05,65.01285714285714,16495.0,10121.8,0.613631
1.4730278166947941e-05,70.01285714285714,17818.9,11324.9,0.635555
1.8489541320543205e-05,75.01142857142858,19316.9,12860.3,0.665756
2.3775425083336002e-05,80.01714285714286,22178.6,17195.4,0.775315
2.4388320573703794e-05,65.01285714285714,22766.8,13704.9,0.60197
3.173535494891097e-05,70.01285714285714,23612.0,15263.7,0.646438
3.983453769246332e-05,75.01142857142858,26097.7,18029.5,0.690845
4.818172460751222e-05,60.01571428571429,27476.1,15723.2,0.572249
5.254308142677823e-05,65.01285714285714,29832.9,17927.5,0.60093
6.837184579210242e-05,70.01285714285714,32190.4,19659.0,0.610709
8.582072779403774e-05,75.01142857142858,34703.5,24863.3,0.716449
0.00010380452495854057,60.01571428571429,38797.3,20955.5,0.540128
0.00011320039718800727,65.01285714285714,39328.1,22334.2,0.567895
0.0001346856170120964,55.01714285714286,40917.7,21682.0,0.529893
0.0001473027816694794,70.01285714285714,41398.8,25680.2,0.620313
0.0002236402293828104,60.01571428571429,50057.1,25536.1,0.510139
0.00024388320573703792,65.01285714285714,50504.6,28466.8,0.563649
0.0002901717737706044,55.01714285714286,63994.3,29369.3,0.458936
0.0003173535494891097,70.01285714285714,53578.2,34138.3,0.637167
0.00037333803053330404,50.00857142857143,64968.5,28848.8,0.444043
0.00048181724607512225,60.01571428571429,62825.5,30865.5,0.49129
0.0005254308142677822,65.01285714285714,65103.2,35153.2,0.539961
0.000625156582262609,55.01714285714286,79121.6,34573.4,0.436965
0.0008043335356747361,50.00857142857143,100181.0,39245.7,0.391747
0.0010380452495854055,60.01571428571429,79284.3,37969.9,0.478908
0.0011320039718800726,65.01285714285714,81637.7,45392.2,0.556021
0.001346856170120964,55.01714285714286,97151.0,42147.0,0.43383
0.0016235483259219319,45.01857142857143,112077.0,39778.9,0.354926
0.0017328853100616695,50.00857142857143,121509.0,45615.5,0.37541
0.0022364022938281035,60.01571428571429,96352.1,46983.7,0.487625
0.0029017177377060432,55.01714285714286,118483.0,47051.6,0.397116
0.003497833755275822,45.01857142857143,151610.0,49904.4,0.329163
0.0037333803053330407,50.00857142857143,143284.0,52759.1,0.368215
0.004818172460751222,60.01571428571429,116825.0,62423.1,0.534329
0.005341329760343779,40.012857142857136,160981.0,46092.3,0.28632
0.006251565822626089,55.01714285714286,139895.0,59527.3,0.425516
0.007535859768013527,45.01857142857143,176412.0,56589.0,0.320778
0.00804333535674736,50.00857142857143,174301.0,62094.5,0.356249
0.011507562316126683,40.012857142857136,217115.0,61149.0,0.281643
0.01346856170120964,55.01714285714286,165256.0,78081.0,0.472485
0.016235483259219318,45.01857142857143,204354.0,64404.7,0.315163
0.017328853100616694,50.00857142857143,196832.0,72394.6,0.3678
0.02479230916998494,40.012857142857136,248858.0,69175.7,0.277972
0.026370551979514024,35.01142857142857,248801.0,56815.9,0.228359
0.03497833755275821,45.01857142857143,236437.0,73435.2,0.310592
0.0373338030533304,50.00857142857143,222923.0,96682.6,0.433704
0.053413297603437784,40.012857142857136,283289.0,76053.0,0.268465
0.05681371190895807,35.01142857142857,300174.0,73574.6,0.245106
0.07535859768013525,45.01857142857143,269993.0,88425.5,0.327511
0.11507562316126681,40.012857142857136,320817.0,87687.2,0.273324
0.12240151928331627,35.01142857142857,338992.0,82592.7,0.243642
0.12481649320687756,30.009999999999998,337377.0,72407.7,0.214619
0.1623548325921932,45.01857142857143,306149.0,116156.0,0.379411
0.24792309169984938,40.012857142857136,359117.0,102119.0,0.284362
0.26370551979514023,35.01142857142857,377606.0,90570.2,0.239854
0.26890936117115916,30.009999999999998,399906.0,86475.4,0.21624
0.49999957766806746,25.009999999999998,431938.0,89985.2,0.208329
0.5341329760343778,40.012857142857136,400325.0,135696.0,0.338964
0.5681371190895806,35.01142857142857,418512.0,96759.6,0.231199
0.5793480702264423,30.009999999999998,440663.0,92953.2,0.21094
1.0772179506254609,25.009999999999998,504369.0,101403.0,0.20105
1.2240151928331626,35.01142857142857,463910.0,119187.0,0.256917
1.2481649320687755,30.009999999999998,487357.0,102057.0,0.209409
2.320797380166018,25.009999999999998,550988.0,106565.0,0.193408
2.562573775499335,20.014285714285716,525416.0,88490.4,0.16842
2.6370551979514025,35.01142857142857,512689.0,158414.0,0.308987
2.6890936117115913,30.009999999999998,537393.0,111551.0,0.207579
4.999995776680675,25.009999999999998,603597.0,115109.0,0.190704
5.520905604849354,20.014285714285716,619098.0,115542.0,0.186629
5.793480702264422,30.009999999999998,581120.0,133773.0,0.230198
10.772179506254608,25.009999999999998,658334.0,129081.0,0.196073
11.894439056124863,20.014285714285716,675483.0,117638.0,0.174154
12.481649320687756,30.009999999999998,635293.0,180577.0,0.284242
14.774336725010826,15.012857142857143,646100.0,99286.7,0.153671
23.207973801660177,25.009999999999998,710743.0,153626.0,0.216149
25.62573775499335,20.014285714285716,735025.0,124109.0,0.16885
31.830388343512137,15.012857142857143,746927.0,122764.0,0.164359
49.999957766806745,25.009999999999998,770020.0,209086.0,0.271534
55.20905604849354,20.014285714285716,791432.0,138119.0,0.174517
68.57654185431832,15.012857142857143,804170.0,127943.0,0.159099
70.15543007367732,10.014285714285714,785510.0,118095.0,0.150342
118.94439056124861,20.014285714285716,848640.0,156824.0,0.184794
147.74336725010826,15.012857142857143,870457.0,132581.0,0.152311
151.14550488557535,10.014285714285714,874182.0,127834.0,0.146232
256.2573775499335,20.014285714285716,904072.0,220781.0,0.244207
256.2575044949396,5.011428571428572,840799.0,88857.0,0.105682
318.30388343512135,15.012857142857143,932862.0,139510.0,0.14955
325.6333516895466,10.014285714285714,939298.0,130362.0,0.138787
552.090833980045,5.011428571428572,993870.0,128301.0,0.129092
576.4683636300401,-0.014285714285714287,853895.0,53570.6,0.0627368
685.7654185431832,15.012857142857143,989678.0,160883.0,0.162561
701.5543007367731,10.014285714285714,1001790.0,141479.0,0.141227
1189.444494840259,5.011428571428572,1061260.0,127818.0,0.12044
1241.9651875830452,-0.014285714285714287,1123310.0,137483.0,0.122391
1477.4336725010826,15.012857142857143,1047630.0,238679.0,0.227828
1511.4550488557534,10.014285714285714,1061420.0,142577.0,0.134327
2562.5750449493958,5.011428571428572,1126430.0,133582.0,0.118589
2675.734796218872,-0.014285714285714287,1147420.0,126843.0,0.110546
3256.333516895466,10.014285714285714,1119370.0,170547.0,0.15236
5520.9083398004495,5.011428571428572,1185260.0,147386.0,0.124349
5764.683636300401,-0.014285714285714287,1192360.0,113356.0,0.095069
7015.543007367732,10.014285714285714,1171840.0,254978.0,0.217588
11894.44494840259,5.011428571428572,1239230.0,166653.0,0.134481
12419.65187583045,-0.014285714285714287,1259630.0,127184.0,0.100969
25625.75044949396,5.011428571428572,1283660.0,264672.0,0.206185
26757.347962188716,-0.014285714285714287,1293530.0,153133.0,0.118384
57646.83636300401,-0.014285714285714287,1349130.0,257199.0,0.190641
