key,value
Filename,A50V50-9
Instrument name,4020-0324
Operator,AD
rundate,9/29/2026
Sample name,A50V50-9
Geometry name,Tension fixture (rectangle)
Procedure name,TMA IsoForce Temperature Ramp
proceduresegments,TMA IsoForce Temperature Ramp#Flow Axial Test#Standard Oscillatory Temperature Sweep
File Parameters.Name,A50V50-9
File Parameters.Instrument type,RSAG2
File Parameters.Instrument serial number,4020-0324
File Parameters.Instrument name,4020-0324
File Parameters.Instrument location,Univ of Colorado
File Parameters.Company name,Univ of Colorado
File Parameters.Trios version,5.1.1.46572
File Parameters.File name,C:\ProgramData\TA Instruments\TRIOS\Data\Alex\A50V50-9.tri
File Parameters.Run date,9/29/2026 12:10:51 PM
File Parameters.Time at start of test,54.7757
Geometry Parameters.Geometry Type,Linear tension
Geometry Parameters.Name,Tension fixture (rectangle)
Geometry Parameters.Length,10.03 mm
Geometry Parameters.Width,3.0 mm
Geometry Parameters.Thickness,1.0 mm
Geometry Parameters.Loading gap,10.03 mm
Geometry Parameters.Notes,
Geometry Extended Parameters.Expansion coefficient,2.6 µm/°C
Geometry Extended Parameters.Move stage to maintain starting gap,Passive
Geometry Extended Parameters.Orientation Angle,0.0
Geometry Extended Parameters.Upper Compliance,0.0 µm/kg
Geometry Extended Parameters.Lower Compliance,0.0 µm/kg
Geometry Extended Parameters.Upper Geometry Mass,95.62 g
Geometry Extended Parameters.Stress constant (linear),333333 Pa/N
Geometry Extended Parameters.Strain constant (linear),99.7009 1/m
Instrument Parameters.GapZeroSetback,1000 [mm]
Instrument Parameters.GapFast,0.0100000
Instrument Parameters.GapSlow,1.00000e-5
Instrument Parameters.Temperature limit,620.000 [°C]
Firmware Versions.Code Image Loader,V2018.5.29
Firmware Versions.Main Embedded Kernel,V2019.10.10
Firmware Versions.Power Board,V2017.1.11
Firmware Versions.Linear Encoder Board,V2017.1.11
Firmware Versions.Stepper / Rear Panel Board,V2017.1.11
Firmware Versions.Phase Fire Board,V2019.7.19
Firmware Versions.FCO PRT Board,V2011.9.7
Calibration Date Information.Phase angle correction calibration,8/7/2019 6:40 PM
Calibration Date Information.Transducer static normal calibration,5/3/2024 1:39 PM
Calibration Date Information.Filter lag correction calibration,3/2/2018 1:31 PM
Calibration Date Information.Motor torque/motor force constant calibration,3/2/2018 12:07 PM
Calibration Date Information.Actuator deflection scale constant calibration,3/2/2018 12:58 PM
Calibration Date Information.Magnet temperature scaling factor calibration,3/6/2018 8:43 AM
Calibration Date Information.Programmable gain amplifier calibration,3/2/2018 1:15 PM
Calibration Parameters.SPFrtScaleLow,370.8792
Calibration Parameters.SPFrtScaleMid,3708.792
Calibration Parameters.Transducer full scale,3708.792
Calibration Parameters.SPNrmScale,1.549643
Calibration Parameters.SPXducerMass,555.4000
Calibration Parameters.SPXducerNormDamping,-0.93000
Calibration Parameters.SPXducerNormSpringConst,1.500000
Temperature Control Information.TempOffsetTbl01,FCO/Upper Tool PRT offset
Temperature Control Information.TempOffsetTbl02,FCO/Lower Tool PRT offset
Temperature Control Information.TempOffsetTbl03,FCO/Middle PRT offset
Temperature Control Information.Temperature option,FCO/LN2
