material,n_terms,cal_ramp_rate,evaluated_rate,is_cal_ramp,peak_exp_mpa,peak_pred_mpa,rmse_total_mpa,rmse_total_pct,rmse_hold_pct
A0V100,6,slow,very slow,False,15.046998449685534,14.478764158931616,0.36611277656513525,2.433128293256298,2.7092991563146365
A0V100,6,slow,slow,True,16.701715017857143,16.30739136385312,0.33318697816027976,1.9949267353924005,2.2136063683971785
A0V100,6,slow,fast,False,16.63248515,14.385076005135293,1.671531705992859,10.049801282960164,8.4806613903711
A25V75,6,slow,very slow,False,18.876433511412575,16.780570107286938,1.7651945642836158,9.351313971552889,10.818761275995113
A25V75,6,slow,slow,True,21.876968449376943,21.491598281530997,0.3125706744064685,1.4287659422728225,1.4503665379724953
A25V75,6,slow,fast,False,26.007328333333334,24.808729050007948,0.8236448903871447,3.1669723234565668,4.0468962175869185
A50V50,6,slow,very slow,False,10.147742733928572,7.351540088662981,2.407037167387147,23.71992698769663,24.53774278699766
A50V50,6,slow,slow,True,10.738889834429825,11.032544279681378,0.5958643303001303,5.548658562356575,7.103276361473418
A50V50,6,slow,fast,False,17.66143441666667,15.481717142053565,1.3921710062948702,7.88254777868502,7.788230604040916
A75V25,6,slow,very slow,False,2.7418737560763886,1.8925423689689365,0.6971573772850352,25.426312051750514,28.869617005149045
A75V25,6,slow,slow,True,3.6569165822649574,3.6693328602541446,0.14699099688199246,4.019533767733683,5.176738459065369
A75V25,6,slow,fast,False,5.603373305555556,6.390788353793168,0.81708405553485,14.582002857541877,16.957024426573017
A100V0,6,slow,very slow,False,0.2322794144736842,0.289965581477684,0.05391642566375482,23.21188288937383,26.707416034788118
A100V0,6,slow,slow,True,0.34181947222222225,0.34338360245191274,0.027174482948431906,7.949951701629608,10.316583909940803
A100V0,6,slow,fast,False,0.7383316539855073,1.2235861704067683,0.26582747101755766,36.00380257065012,33.023284493992364
