material,temperature_C,tan_delta
100% AB (Agilus),-12.587776,0.10003984
100% AB (Agilus),-12.587546,0.10492444
100% AB (Agilus),-12.584003,0.11755087
100% AB (Agilus),-12.582965,0.11276893
100% AB (Agilus),-12.577927,0.10881155
100% AB (Agilus),-12.573847,0.11457511
100% AB (Agilus),-12.56966,0.1303517
100% AB (Agilus),-12.56405,0.12318244
100% AB (Agilus),-12.55348,0.14050636
100% AB (Agilus),-12.55218,0.15894872
100% AB (Agilus),-11.97468,0.16196546
100% AB (Agilus),-11.916654,0.14417937
100% AB (Agilus),-11.83507,0.12713636
100% AB (Agilus),-11.83335,0.13414635
100% AB (Agilus),-11.80918,0.12145817
100% AB (Agilus),-11.79772,0.11898465
100% AB (Agilus),-11.767537,0.11997877
100% AB (Agilus),-11.76299,0.11119003
100% AB (Agilus),-11.75904,0.10909587
100% AB (Agilus),-11.73597,0.10435325
100% AB (Agilus),-9.28384,0.23243575
100% AB (Agilus),-9.2225549,0.2053405
100% AB (Agilus),-9.19244,0.19117433
100% AB (Agilus),-9.17084,0.18157519
100% AB (Agilus),-9.152783,0.17393023
100% AB (Agilus),-9.146916,0.16357592
100% AB (Agilus),-9.13866,0.17004527
100% AB (Agilus),-9.1315735,0.1660008
100% AB (Agilus),-9.1262347,0.15348066
100% AB (Agilus),-9.12021,0.15895759
100% AB (Agilus),-8.5041852,0.2000975
100% AB (Agilus),-8.24276,0.18017067
100% AB (Agilus),-8.08579,0.16892139
100% AB (Agilus),-8.04888,0.16057528
100% AB (Agilus),-7.93151,0.15443395
100% AB (Agilus),-7.9145693,0.14859377
100% AB (Agilus),-7.90038,0.15133363
100% AB (Agilus),-7.85647,0.14463563
100% AB (Agilus),-7.80636,0.14013004
100% AB (Agilus),-7.76175,0.13451174
100% AB (Agilus),-5.1538,0.31147495
100% AB (Agilus),-4.814478,0.27916263
100% AB (Agilus),-4.48976,0.26300945
100% AB (Agilus),-4.25509,0.25134128
100% AB (Agilus),-4.107,0.24241138
100% AB (Agilus),-3.99918,0.23956461
100% AB (Agilus),-3.9355709,0.2342828
100% AB (Agilus),-3.8762045,0.23427692
100% AB (Agilus),-3.81318,0.22487684
100% AB (Agilus),-3.7608,0.21756016
100% AB (Agilus),-0.81946,0.38637848
100% AB (Agilus),-0.6977992,0.34553093
100% AB (Agilus),-0.68429,0.32169296
100% AB (Agilus),-0.6589339,0.29136299
100% AB (Agilus),-0.6588815,0.304533
100% AB (Agilus),-0.655112,0.28055637
100% AB (Agilus),-0.64666,0.28732394
100% AB (Agilus),-0.6451832,0.25599919
100% AB (Agilus),-0.64288,0.26589089
100% AB (Agilus),-0.63944,0.26689023
100% AB (Agilus),4.90168,0.77203885
100% AB (Agilus),4.9243787,0.46129423
100% AB (Agilus),4.95136,0.48239267
100% AB (Agilus),4.95731,0.48715559
100% AB (Agilus),4.97692,0.53568097
100% AB (Agilus),4.98427648,0.51437321
100% AB (Agilus),4.99764993,0.53917271
100% AB (Agilus),5.02075967,0.56842331
100% AB (Agilus),5.0366,0.66784553
100% AB (Agilus),5.03933,0.60928615
100% AB (Agilus),9.70536,1.47870808
100% AB (Agilus),9.83806031,1.21438098
100% AB (Agilus),9.93339954,1.13747321
100% AB (Agilus),9.94883,1.39993641
100% AB (Agilus),9.9514,0.77964343
100% AB (Agilus),9.96762,1.05494866
100% AB (Agilus),9.97349,0.81142705
100% AB (Agilus),9.97986869,0.97520457
100% AB (Agilus),9.98667522,0.83309728
100% AB (Agilus),9.98938375,0.89513607
100% AB (Agilus),9.99568,0.89276314
100% AB (Agilus),10.0138753,0.79308844
100% AB (Agilus),10.0216551,1.40202303
100% AB (Agilus),10.0280477,0.8451574
100% AB (Agilus),10.04228,0.84253157
100% AB (Agilus),10.07341,0.94058814
100% AB (Agilus),10.08326,1.06919661
100% AB (Agilus),10.0951513,0.98077757
100% AB (Agilus),10.0999444,0.9226057
100% AB (Agilus),10.10067,0.90302639
100% AB (Agilus),14.8889206,2.10806635
100% AB (Agilus),14.96387,1.85298345
100% AB (Agilus),14.9947,1.69361512
100% AB (Agilus),15.02869,1.52288555
100% AB (Agilus),15.05102,1.48459352
100% AB (Agilus),15.05441,1.37003725
100% AB (Agilus),15.0664678,1.3559059
100% AB (Agilus),15.07093,1.209398
100% AB (Agilus),15.0734996,1.27615167
100% AB (Agilus),15.0877377,1.18084028
100% AB (Agilus),19.7586505,1.77395179
100% AB (Agilus),19.85138,1.73144492
100% AB (Agilus),19.8709638,1.68833603
100% AB (Agilus),19.9115282,1.86323734
100% AB (Agilus),19.93542,1.97559689
100% AB (Agilus),19.96685,2.08615491
100% AB (Agilus),20.00579,1.96310262
100% AB (Agilus),20.0130293,1.92775549
100% AB (Agilus),20.02145,1.86226973
100% AB (Agilus),20.03281,1.84929962
100% AB (Agilus),20.04173,1.86211737
100% AB (Agilus),20.0548545,1.74225596
100% AB (Agilus),20.0553748,1.64591067
100% AB (Agilus),20.06851,1.89625792
100% AB (Agilus),20.0925877,2.09592632
100% AB (Agilus),20.0970043,1.85298931
100% AB (Agilus),20.1011896,1.74481411
100% AB (Agilus),20.11234,1.71036504
100% AB (Agilus),20.115,1.79447742
100% AB (Agilus),20.118809,1.64523672
100% AB (Agilus),24.9346189,1.30916776
100% AB (Agilus),24.9986491,1.29862248
100% AB (Agilus),25.036787,1.41289835
100% AB (Agilus),25.0748442,1.63438867
100% AB (Agilus),25.0976,1.74635339
100% AB (Agilus),25.11399,1.74776297
100% AB (Agilus),25.12715,1.69107119
100% AB (Agilus),25.1301425,1.53807784
100% AB (Agilus),25.13173,1.67167355
100% AB (Agilus),25.13408,1.74026682
100% AB (Agilus),29.8428268,0.90257968
100% AB (Agilus),29.9019998,0.89108231
100% AB (Agilus),29.9098392,0.91564068
100% AB (Agilus),29.95083,1.36304367
100% AB (Agilus),29.9754607,0.99424453
100% AB (Agilus),29.9820246,1.66309221
100% AB (Agilus),30.0079496,1.31372512
100% AB (Agilus),30.0355,1.17283121
100% AB (Agilus),30.0664782,1.71999807
100% AB (Agilus),30.077786,1.4757177
100% AB (Agilus),30.0822281,1.30880518
100% AB (Agilus),30.09056,1.327293
100% AB (Agilus),30.0972551,1.45215975
100% AB (Agilus),30.1127854,1.16229019
100% AB (Agilus),30.1190719,0.77966898
100% AB (Agilus),30.12993,1.42984611
100% AB (Agilus),30.15578,1.57605377
100% AB (Agilus),30.17294,1.44983045
100% AB (Agilus),30.18736,1.18567976
100% AB (Agilus),30.1929295,0.87153176
66% AB / 33% VW,-12.24147,0.05337765
66% AB / 33% VW,-12.23963,0.05017363
66% AB / 33% VW,-12.231762,0.05689336
66% AB / 33% VW,-12.22599,0.0550767
66% AB / 33% VW,-12.22518,0.0723803
66% AB / 33% VW,-12.22485,0.08071981
66% AB / 33% VW,-12.219459,0.06736611
66% AB / 33% VW,-12.21818,0.06355559
66% AB / 33% VW,-12.217968,0.06138376
66% AB / 33% VW,-12.208424,0.06043104
66% AB / 33% VW,-11.61253,0.0817446
66% AB / 33% VW,-11.55469,0.07358186
66% AB / 33% VW,-11.52715,0.06867112
66% AB / 33% VW,-11.51119,0.06487361
66% AB / 33% VW,-11.505137,0.06171355
66% AB / 33% VW,-11.49896,0.05648182
66% AB / 33% VW,-11.491115,0.06259417
66% AB / 33% VW,-11.48426,0.05155042
66% AB / 33% VW,-11.471871,0.05808652
66% AB / 33% VW,-11.4684,0.05463399
66% AB / 33% VW,-7.7091422,0.09569988
66% AB / 33% VW,-7.3639386,0.08722843
66% AB / 33% VW,-7.18646,0.08206955
66% AB / 33% VW,-7.09779,0.07795125
66% AB / 33% VW,-7.04519,0.07460993
66% AB / 33% VW,-6.9965528,0.06876398
66% AB / 33% VW,-6.9580895,0.06885932
66% AB / 33% VW,-6.94094,0.0643936
66% AB / 33% VW,-6.90925,0.06274243
66% AB / 33% VW,-6.87498,0.06055076
66% AB / 33% VW,-0.5639192,0.14160046
66% AB / 33% VW,-0.42627,0.13090186
66% AB / 33% VW,-0.3790259,0.12378686
66% AB / 33% VW,-0.34003,0.10977227
66% AB / 33% VW,-0.3373891,0.1076836
66% AB / 33% VW,-0.33646,0.11835995
66% AB / 33% VW,-0.32454,0.10980595
66% AB / 33% VW,-0.3162212,0.10598388
66% AB / 33% VW,-0.30963,0.11387456
66% AB / 33% VW,-0.30131,0.10048751
66% AB / 33% VW,4.80349,0.1868953
66% AB / 33% VW,4.81126594,0.17650372
66% AB / 33% VW,4.8368217,0.16897542
66% AB / 33% VW,4.85113793,0.16286985
66% AB / 33% VW,4.86039319,0.15258865
66% AB / 33% VW,4.86367,0.15781716
66% AB / 33% VW,4.86468929,0.20458456
66% AB / 33% VW,4.88031,0.14486941
66% AB / 33% VW,4.88452,0.13884354
66% AB / 33% VW,4.89104,0.14251816
66% AB / 33% VW,9.82958,0.19917428
66% AB / 33% VW,9.83408828,0.21314346
66% AB / 33% VW,9.84164377,0.2034596
66% AB / 33% VW,9.8481945,0.20770102
66% AB / 33% VW,9.86915191,0.21400055
66% AB / 33% VW,9.908106889999999,0.21965637
66% AB / 33% VW,9.9405438,0.22756937
66% AB / 33% VW,10.0138214,0.23732914
66% AB / 33% VW,10.12422,0.25076781
66% AB / 33% VW,10.23244,0.27206368
66% AB / 33% VW,14.8612926,0.27097007
66% AB / 33% VW,14.87514,0.28023471
66% AB / 33% VW,14.87769,0.27488443
66% AB / 33% VW,14.89188,0.27817486
66% AB / 33% VW,14.9049852,0.28408067
66% AB / 33% VW,14.9331,0.2914945
66% AB / 33% VW,14.9745662,0.30011592
66% AB / 33% VW,15.02917,0.31059569
66% AB / 33% VW,15.079,0.32394308
66% AB / 33% VW,15.11637,0.34255742
66% AB / 33% VW,19.9791555,0.35668502
66% AB / 33% VW,19.9888503,0.35025532
66% AB / 33% VW,20.0004633,0.35889113
66% AB / 33% VW,20.01832,0.36393518
66% AB / 33% VW,20.0304599,0.36594949
66% AB / 33% VW,20.0399971,0.37216658
66% AB / 33% VW,20.0621,0.40573898
66% AB / 33% VW,20.09469,0.37908668
66% AB / 33% VW,20.125767,0.38715112
66% AB / 33% VW,20.1390964,0.39620966
66% AB / 33% VW,25.04741,0.40313484
66% AB / 33% VW,25.0899151,0.41422333
66% AB / 33% VW,25.1399714,0.41318062
66% AB / 33% VW,25.2005205,0.4229825
66% AB / 33% VW,25.261356,0.41307524
66% AB / 33% VW,25.3613617,0.4202353
66% AB / 33% VW,25.4186056,0.42551557
66% AB / 33% VW,25.530038,0.43193933
66% AB / 33% VW,25.7098316,0.43793129
66% AB / 33% VW,25.82706,0.44035981
66% AB / 33% VW,29.8880003,0.42070125
66% AB / 33% VW,29.8997764,0.43223835
66% AB / 33% VW,29.92748,0.43975166
66% AB / 33% VW,29.9627134,0.43732317
66% AB / 33% VW,29.97888,0.43440262
66% AB / 33% VW,29.99642,0.43848546
66% AB / 33% VW,30.03311,0.45681645
66% AB / 33% VW,30.05525,0.45011523
66% AB / 33% VW,30.0636,0.45915806
66% AB / 33% VW,30.0791,0.45905621
66% AB / 33% VW,35.0256746,0.46130819
66% AB / 33% VW,35.0555308,0.49276647
66% AB / 33% VW,35.08121,0.49210104
66% AB / 33% VW,35.0881013,0.49067087
66% AB / 33% VW,35.1017729,0.47761087
66% AB / 33% VW,35.1103276,0.51804901
66% AB / 33% VW,35.1148,0.50708277
66% AB / 33% VW,35.11978,0.51746602
66% AB / 33% VW,35.1229468,0.5236502
66% AB / 33% VW,35.1251246,0.50343076
66% AB / 33% VW,39.99543,0.42909331
66% AB / 33% VW,40.07124,0.49355579
66% AB / 33% VW,40.1197453,0.50923191
66% AB / 33% VW,40.16816,0.48358308
66% AB / 33% VW,40.1970302,0.49690401
66% AB / 33% VW,40.2012226,0.52107972
66% AB / 33% VW,40.2032951,0.51732191
66% AB / 33% VW,40.20948,0.52987691
66% AB / 33% VW,40.21173,0.50905296
66% AB / 33% VW,40.2158439,0.50790538
66% AB / 33% VW,44.8505857,0.43090734
66% AB / 33% VW,44.94973,0.49864203
66% AB / 33% VW,45.01026,0.51460762
66% AB / 33% VW,45.0499209,0.53171977
66% AB / 33% VW,45.09404,0.53027922
66% AB / 33% VW,45.1185656,0.54211651
66% AB / 33% VW,45.1372526,0.53251018
66% AB / 33% VW,45.15447,0.53249614
66% AB / 33% VW,45.16722,0.52791779
66% AB / 33% VW,45.18036,0.50862611
66% AB / 33% VW,49.8739,0.4294691
66% AB / 33% VW,49.9519653,0.48850834
66% AB / 33% VW,49.98318,0.50649332
66% AB / 33% VW,50.03717,0.54327105
66% AB / 33% VW,50.0777137,0.5326754
66% AB / 33% VW,50.1064616,0.53897452
66% AB / 33% VW,50.119714,0.53844582
66% AB / 33% VW,50.13724,0.53661589
66% AB / 33% VW,50.1463036,0.53155737
66% AB / 33% VW,50.157335,0.51300493
66% AB / 33% VW,54.81886,0.52874105
66% AB / 33% VW,54.8991005,0.46382189
66% AB / 33% VW,54.9452299,0.51269102
66% AB / 33% VW,54.99284,0.54457839
66% AB / 33% VW,55.0289075,0.53418488
66% AB / 33% VW,55.05844,0.56083266
66% AB / 33% VW,55.0781651,0.53588392
66% AB / 33% VW,55.09431,0.54099443
66% AB / 33% VW,55.11827,0.5175269
66% AB / 33% VW,55.1446569,0.47663533
66% AB / 33% VW,59.8283583,0.49309387
66% AB / 33% VW,59.93001,0.45160021
66% AB / 33% VW,59.97315,0.49631397
66% AB / 33% VW,60.01481,0.56035486
66% AB / 33% VW,60.0444961,0.53939216
66% AB / 33% VW,60.0616988,0.52263382
66% AB / 33% VW,60.0831286,0.53288803
66% AB / 33% VW,60.1106946,0.48088809
66% AB / 33% VW,60.129211,0.48207397
66% AB / 33% VW,60.154461,0.39827389
66% AB / 33% VW,64.7935293,0.4665963
66% AB / 33% VW,64.82623,0.45400003
66% AB / 33% VW,64.86807,0.44230115
66% AB / 33% VW,64.9130955,0.44261226
66% AB / 33% VW,64.9449635,0.45533265
66% AB / 33% VW,64.9811073,0.44178147
66% AB / 33% VW,65.01163,0.42601008
66% AB / 33% VW,65.04756,0.38555241
66% AB / 33% VW,69.83335,0.27582492
66% AB / 33% VW,69.9313334,0.34710825
66% AB / 33% VW,69.97597,0.34057228
66% AB / 33% VW,70.0135567,0.35454647
66% AB / 33% VW,70.0583246,0.38502035
66% AB / 33% VW,70.09,0.38903792
66% AB / 33% VW,70.12032,0.38179697
66% AB / 33% VW,70.1333375,0.38379223
66% AB / 33% VW,70.1496958,0.37650129
66% AB / 33% VW,70.1612225,0.29314279
66% AB / 33% VW,74.8529023,0.34451787
66% AB / 33% VW,74.92288,0.38962656
66% AB / 33% VW,74.9687454,0.47606947
66% AB / 33% VW,75.01126,0.41136593
66% AB / 33% VW,75.0476809,0.4478901
66% AB / 33% VW,75.0715634,0.44290334
66% AB / 33% VW,75.10686,0.42191294
66% AB / 33% VW,75.11467,0.40352656
66% AB / 33% VW,75.1482081,0.27799149
33% AB / 66% VW,-13.55992,0.03526506
33% AB / 66% VW,-13.556243,0.02765991
33% AB / 66% VW,-13.554484,0.01943405
33% AB / 66% VW,-13.55227,0.02972795
33% AB / 66% VW,-13.548295,0.02891645
33% AB / 66% VW,-13.548132,0.02592627
33% AB / 66% VW,-13.546105,0.03221878
33% AB / 66% VW,-13.541962,0.02167715
33% AB / 66% VW,-13.541436,0.02424284
33% AB / 66% VW,-13.49334,0.03984103
33% AB / 66% VW,-11.90135,0.04023157
33% AB / 66% VW,-11.72851,0.03585676
33% AB / 66% VW,-11.648117,0.03284865
33% AB / 66% VW,-11.642793,0.02913336
33% AB / 66% VW,-11.62137,0.03040833
33% AB / 66% VW,-11.61932,0.02924545
33% AB / 66% VW,-11.61683,0.02477572
33% AB / 66% VW,-11.60227,0.02725912
33% AB / 66% VW,-11.59025,0.02227723
33% AB / 66% VW,-11.56568,0.01997953
33% AB / 66% VW,-6.92318,0.04582926
33% AB / 66% VW,-6.5187644,0.04110034
33% AB / 66% VW,-6.32452,0.03788257
33% AB / 66% VW,-6.2771012,0.03530512
33% AB / 66% VW,-6.1902789,0.03297462
33% AB / 66% VW,-6.1501245,0.03049833
33% AB / 66% VW,-6.11489,0.02640523
33% AB / 66% VW,-6.1114,0.02787677
33% AB / 66% VW,-6.1064084,0.02480454
33% AB / 66% VW,-6.0851438,0.02299884
33% AB / 66% VW,-0.04773,0.05789513
33% AB / 66% VW,0.08028,0.05228974
33% AB / 66% VW,0.11382,0.04849339
33% AB / 66% VW,0.14647,0.04549068
33% AB / 66% VW,0.16145,0.04489872
33% AB / 66% VW,0.17934713,0.04178087
33% AB / 66% VW,0.19523664,0.04242728
33% AB / 66% VW,0.20493578,0.03934575
33% AB / 66% VW,0.21082,0.03646202
33% AB / 66% VW,0.22255,0.03388703
33% AB / 66% VW,4.99286,0.06018308
33% AB / 66% VW,5.00028364,0.05675046
33% AB / 66% VW,5.00174648,0.04971314
33% AB / 66% VW,5.00554,0.05382093
33% AB / 66% VW,5.00883943,0.0478064
33% AB / 66% VW,5.0124271,0.04146806
33% AB / 66% VW,5.01345,0.06456773
33% AB / 66% VW,5.01522275,0.04324537
33% AB / 66% VW,5.02147127,0.045147
33% AB / 66% VW,5.07029,0.07101126
33% AB / 66% VW,9.71369,0.08357081
33% AB / 66% VW,9.80621259,0.07647915
33% AB / 66% VW,9.88119375,0.07179803
33% AB / 66% VW,9.91653,0.06811339
33% AB / 66% VW,9.93439534,0.06498619
33% AB / 66% VW,9.956397,0.06241868
33% AB / 66% VW,9.97144,0.0641214
33% AB / 66% VW,9.99018539,0.05802451
33% AB / 66% VW,9.99177,0.06155395
33% AB / 66% VW,9.99225,0.05477012
33% AB / 66% VW,14.7003406,0.09824162
33% AB / 66% VW,14.7884087,0.09082017
33% AB / 66% VW,14.881773,0.08585413
33% AB / 66% VW,14.9389,0.08198303
33% AB / 66% VW,14.9758863,0.07866264
33% AB / 66% VW,14.9852,0.07757994
33% AB / 66% VW,14.9948715,0.0749202
33% AB / 66% VW,14.99534,0.07470774
33% AB / 66% VW,15.01065,0.07212834
33% AB / 66% VW,15.0291933,0.06851532
33% AB / 66% VW,19.7162795,0.1157851
33% AB / 66% VW,19.741264,0.10763579
33% AB / 66% VW,19.8163747,0.10231519
33% AB / 66% VW,19.87948,0.09814842
33% AB / 66% VW,19.9135349,0.09454292
33% AB / 66% VW,19.9422047,0.08977655
33% AB / 66% VW,19.96037,0.08805066
33% AB / 66% VW,19.98052,0.08311189
33% AB / 66% VW,19.9862702,0.08237757
33% AB / 66% VW,20.0072838,0.07929135
33% AB / 66% VW,24.72718,0.12617083
33% AB / 66% VW,24.75331,0.12065171
33% AB / 66% VW,24.80199,0.11629545
33% AB / 66% VW,24.8196048,0.11252519
33% AB / 66% VW,24.8275994,0.1340637
33% AB / 66% VW,24.8502453,0.10937863
33% AB / 66% VW,24.8635014,0.1082114
33% AB / 66% VW,24.8784866,0.11044665
33% AB / 66% VW,24.8849967,0.10601869
33% AB / 66% VW,24.88623,0.10175509
33% AB / 66% VW,29.7187727,0.14272599
33% AB / 66% VW,29.71884,0.14828267
33% AB / 66% VW,29.73597,0.13820317
33% AB / 66% VW,29.76604,0.13433118
33% AB / 66% VW,29.78727,0.13082016
33% AB / 66% VW,29.80902,0.12728341
33% AB / 66% VW,29.81747,0.12030023
33% AB / 66% VW,29.8308696,0.12031801
33% AB / 66% VW,29.84766,0.1161984
33% AB / 66% VW,29.9328066,0.15567724
33% AB / 66% VW,34.70329,0.16396052
33% AB / 66% VW,34.70438,0.16815771
33% AB / 66% VW,34.70615,0.1596585
33% AB / 66% VW,34.72083,0.15686145
33% AB / 66% VW,34.72547,0.14857587
33% AB / 66% VW,34.7298849,0.14785121
33% AB / 66% VW,34.7333656,0.14413285
33% AB / 66% VW,34.73559,0.17297012
33% AB / 66% VW,34.8306187,0.17896804
33% AB / 66% VW,35.05397,0.18733352
33% AB / 66% VW,39.6973363,0.19860997
33% AB / 66% VW,39.6997993,0.21178223
33% AB / 66% VW,39.70139,0.20209081
33% AB / 66% VW,39.70166,0.19909459
33% AB / 66% VW,39.7237263,0.21000205
33% AB / 66% VW,39.75541,0.20976321
33% AB / 66% VW,39.793935,0.21460365
33% AB / 66% VW,39.85049,0.22007482
33% AB / 66% VW,39.9599317,0.22679791
33% AB / 66% VW,40.11494,0.23491116
33% AB / 66% VW,44.8608092,0.25552028
33% AB / 66% VW,44.87121,0.25802498
33% AB / 66% VW,44.8948469,0.26552944
33% AB / 66% VW,44.91664,0.26778017
33% AB / 66% VW,44.93,0.2734211
33% AB / 66% VW,44.94163,0.27347122
33% AB / 66% VW,44.98129,0.27887928
33% AB / 66% VW,45.01345,0.28514064
33% AB / 66% VW,45.0822194,0.29292274
33% AB / 66% VW,45.13839,0.30210624
33% AB / 66% VW,49.9322496,0.31207388
33% AB / 66% VW,49.9464435,0.32026571
33% AB / 66% VW,49.9738321,0.31604018
33% AB / 66% VW,49.9962622,0.32079534
33% AB / 66% VW,50.0216,0.33563054
33% AB / 66% VW,50.0479027,0.33435264
33% AB / 66% VW,50.0985,0.35329549
33% AB / 66% VW,50.12907,0.36092507
33% AB / 66% VW,50.148887,0.37044162
33% AB / 66% VW,50.1507035,0.38280777
33% AB / 66% VW,55.02165,0.44026329
33% AB / 66% VW,55.07833,0.38739804
33% AB / 66% VW,55.10363,0.39292449
33% AB / 66% VW,55.1244403,0.41124921
33% AB / 66% VW,55.1408043,0.43141853
33% AB / 66% VW,55.152,0.39874181
33% AB / 66% VW,55.1680159,0.41505993
33% AB / 66% VW,55.17238,0.41735208
33% AB / 66% VW,55.1782096,0.42321615
33% AB / 66% VW,55.1825418,0.41640257
33% AB / 66% VW,59.95487,0.48711312
33% AB / 66% VW,60.0326718,0.45835024
33% AB / 66% VW,60.10426,0.47033402
33% AB / 66% VW,60.1248955,0.42709708
33% AB / 66% VW,60.12539,0.47468547
33% AB / 66% VW,60.12577,0.43780478
33% AB / 66% VW,60.12782,0.44734374
33% AB / 66% VW,60.1300382,0.43666126
33% AB / 66% VW,60.1312,0.45059246
33% AB / 66% VW,60.1388628,0.43365896
33% AB / 66% VW,64.9414206,0.53321911
33% AB / 66% VW,65.0824979,0.53508177
33% AB / 66% VW,65.14397,0.53210615
33% AB / 66% VW,65.1541764,0.50697287
33% AB / 66% VW,65.1701552,0.54541442
33% AB / 66% VW,65.1720451,0.52505048
33% AB / 66% VW,65.1822441,0.5272887
33% AB / 66% VW,65.18265,0.53978487
33% AB / 66% VW,65.1906244,0.5519997
33% AB / 66% VW,65.19259,0.53366392
33% AB / 66% VW,70.0054279,0.55332661
33% AB / 66% VW,70.0930561,0.53256041
33% AB / 66% VW,70.1365063,0.54071515
33% AB / 66% VW,70.17297,0.57020465
33% AB / 66% VW,70.1906246,0.53274101
33% AB / 66% VW,70.20062,0.53610526
33% AB / 66% VW,70.20784,0.53113629
33% AB / 66% VW,70.2209589,0.53323521
33% AB / 66% VW,70.2294909,0.52678322
33% AB / 66% VW,70.2339118,0.52055364
33% AB / 66% VW,74.96113,0.55327641
33% AB / 66% VW,75.0486786,0.53772659
33% AB / 66% VW,75.09158,0.52537304
33% AB / 66% VW,75.1417315,0.55834065
33% AB / 66% VW,75.180531,0.56229453
33% AB / 66% VW,75.24844,0.59586248
33% AB / 66% VW,75.27323,0.56357436
33% AB / 66% VW,75.299379,0.56129337
33% AB / 66% VW,75.312438,0.56601234
33% AB / 66% VW,75.3139362,0.55370075
33% AB / 66% VW,79.9262146,0.51469396
33% AB / 66% VW,80.0495424,0.52020959
33% AB / 66% VW,80.0979843,0.52643493
33% AB / 66% VW,80.12875,0.5413062
33% AB / 66% VW,80.1708175,0.56530821
33% AB / 66% VW,80.2177314,0.57800938
33% AB / 66% VW,80.2614878,0.58774803
33% AB / 66% VW,80.28118,0.5933685
33% AB / 66% VW,80.2853478,0.58648451
33% AB / 66% VW,80.2872289,0.56015512
100% VW (VeroWhite),-13.225937,0.01321162
100% VW (VeroWhite),-13.21613,0.01901947
100% VW (VeroWhite),-13.214761,0.01980001
100% VW (VeroWhite),-13.214466,0.01614086
100% VW (VeroWhite),-13.21377,0.01492525
100% VW (VeroWhite),-13.21367,0.0174932
100% VW (VeroWhite),-13.205835,0.02036069
100% VW (VeroWhite),-13.205544,0.02197882
100% VW (VeroWhite),-13.205194,0.01872257
100% VW (VeroWhite),-13.17977,0.02449867
100% VW (VeroWhite),-11.94815,0.02372898
100% VW (VeroWhite),-11.75542,0.02149205
100% VW (VeroWhite),-11.71512,0.0199768
100% VW (VeroWhite),-11.689218,0.0186748
100% VW (VeroWhite),-11.67172,0.01965614
100% VW (VeroWhite),-11.661967,0.01738787
100% VW (VeroWhite),-11.646719,0.01309947
100% VW (VeroWhite),-11.639588,0.01772696
100% VW (VeroWhite),-11.637,0.01582298
100% VW (VeroWhite),-11.625216,0.01463173
100% VW (VeroWhite),-0.49587,0.0292444
100% VW (VeroWhite),-0.3116135,0.02294596
100% VW (VeroWhite),-0.31108,0.01772658
100% VW (VeroWhite),-0.309701,0.02132783
100% VW (VeroWhite),-0.3081663,0.01997782
100% VW (VeroWhite),-0.30673,0.02448859
100% VW (VeroWhite),-0.30513,0.02638308
100% VW (VeroWhite),-0.3029236,0.01861363
100% VW (VeroWhite),-0.2993521,0.01558747
100% VW (VeroWhite),-0.29918,0.01682079
100% VW (VeroWhite),1.42151,0.03269216
100% VW (VeroWhite),1.4646,0.02842295
100% VW (VeroWhite),1.46553207,0.02160764
100% VW (VeroWhite),1.47329,0.01957228
100% VW (VeroWhite),1.47578374,0.01731088
100% VW (VeroWhite),1.47614,0.02118282
100% VW (VeroWhite),1.48016,0.02325183
100% VW (VeroWhite),1.4811,0.02559777
100% VW (VeroWhite),1.48409266,0.01523111
100% VW (VeroWhite),1.48532,0.0129043
100% VW (VeroWhite),7.28527737,0.04027996
100% VW (VeroWhite),7.30206758,0.02759686
100% VW (VeroWhite),7.30210025,0.02580747
100% VW (VeroWhite),7.30825,0.03601187
100% VW (VeroWhite),7.30921,0.03146894
100% VW (VeroWhite),7.31106648,0.03139435
100% VW (VeroWhite),7.31240344,0.02944911
100% VW (VeroWhite),7.31246,0.03337678
100% VW (VeroWhite),7.31419742,0.03214854
100% VW (VeroWhite),7.32043031,0.02408852
100% VW (VeroWhite),7.56577,0.03538744
100% VW (VeroWhite),7.92483,0.03157222
100% VW (VeroWhite),8.11499745,0.02879012
100% VW (VeroWhite),8.20952445,0.02643285
100% VW (VeroWhite),8.25349623,0.02505952
100% VW (VeroWhite),8.30520973,0.02390282
100% VW (VeroWhite),8.32961625,0.0229801
100% VW (VeroWhite),8.35554,0.02068485
100% VW (VeroWhite),8.38694,0.01821205
100% VW (VeroWhite),8.41231,0.0159301
100% VW (VeroWhite),9.92541,0.03915663
100% VW (VeroWhite),9.98551097,0.02580128
100% VW (VeroWhite),9.99481,0.02407077
100% VW (VeroWhite),9.99670711,0.02760269
100% VW (VeroWhite),10.01007,0.03061906
100% VW (VeroWhite),10.0104,0.02933996
100% VW (VeroWhite),10.0164591,0.02964811
100% VW (VeroWhite),10.0302492,0.03124192
100% VW (VeroWhite),10.03949,0.03314131
100% VW (VeroWhite),10.06744,0.03553068
100% VW (VeroWhite),12.1363455,0.04295133
100% VW (VeroWhite),12.7178266,0.03932266
100% VW (VeroWhite),12.84943,0.03685443
100% VW (VeroWhite),12.90946,0.03482949
100% VW (VeroWhite),12.9469558,0.0331986
100% VW (VeroWhite),12.9748394,0.03480892
100% VW (VeroWhite),12.98806,0.0329925
100% VW (VeroWhite),13.0096505,0.03112289
100% VW (VeroWhite),13.0366114,0.02910496
100% VW (VeroWhite),13.05594,0.02734366
100% VW (VeroWhite),19.8558088,0.05138923
100% VW (VeroWhite),19.8944,0.05283353
100% VW (VeroWhite),19.992738,0.02824994
100% VW (VeroWhite),19.99612,0.03699822
100% VW (VeroWhite),19.9967774,0.03481399
100% VW (VeroWhite),20.0001052,0.04259242
100% VW (VeroWhite),20.00401,0.02619405
100% VW (VeroWhite),20.00451,0.04616699
100% VW (VeroWhite),20.00819,0.03966551
100% VW (VeroWhite),20.00963,0.03918261
100% VW (VeroWhite),20.01328,0.03376175
100% VW (VeroWhite),20.0136975,0.03200371
100% VW (VeroWhite),20.0155272,0.03004029
100% VW (VeroWhite),20.01725,0.03714859
100% VW (VeroWhite),20.01767,0.04072341
100% VW (VeroWhite),20.0238031,0.04216668
100% VW (VeroWhite),20.0238703,0.04127596
100% VW (VeroWhite),20.04284,0.04322745
100% VW (VeroWhite),20.0569184,0.04846134
100% VW (VeroWhite),20.05814,0.04551163
100% VW (VeroWhite),24.76103,0.06296029
100% VW (VeroWhite),24.7709225,0.06229538
100% VW (VeroWhite),24.98659,0.05787231
100% VW (VeroWhite),24.9979997,0.04299469
100% VW (VeroWhite),25.01746,0.04518955
100% VW (VeroWhite),25.0262426,0.04696075
100% VW (VeroWhite),25.0277,0.05032566
100% VW (VeroWhite),25.0288057,0.05737504
100% VW (VeroWhite),25.031592,0.04894515
100% VW (VeroWhite),25.04335,0.05463801
100% VW (VeroWhite),25.0531887,0.04944299
100% VW (VeroWhite),25.0589818,0.04336639
100% VW (VeroWhite),25.0609883,0.0454729
100% VW (VeroWhite),25.06129,0.04720924
100% VW (VeroWhite),25.06196,0.0521398
100% VW (VeroWhite),25.06373,0.04716046
100% VW (VeroWhite),25.07218,0.05000805
100% VW (VeroWhite),25.0758602,0.0514628
100% VW (VeroWhite),25.08705,0.0541295
100% VW (VeroWhite),25.0899766,0.05160435
100% VW (VeroWhite),29.7261461,0.07251534
100% VW (VeroWhite),29.72935,0.06780301
100% VW (VeroWhite),29.74448,0.07456078
100% VW (VeroWhite),29.92113,0.06242456
100% VW (VeroWhite),29.9229,0.0690665
100% VW (VeroWhite),29.92548,0.0674752
100% VW (VeroWhite),29.9915993,0.05864544
100% VW (VeroWhite),30.0020426,0.05548144
100% VW (VeroWhite),30.0136836,0.06411151
100% VW (VeroWhite),30.021045,0.06552917
100% VW (VeroWhite),30.02546,0.05274844
100% VW (VeroWhite),30.03718,0.04614171
100% VW (VeroWhite),30.0376945,0.04876941
100% VW (VeroWhite),30.0381123,0.04891795
100% VW (VeroWhite),30.0424029,0.06144146
100% VW (VeroWhite),30.0455358,0.05191838
100% VW (VeroWhite),30.04608,0.05597367
100% VW (VeroWhite),30.0466903,0.04303911
100% VW (VeroWhite),30.0474924,0.06278207
100% VW (VeroWhite),30.0489664,0.059183
100% VW (VeroWhite),30.04922,0.05492394
100% VW (VeroWhite),30.0550538,0.06041137
100% VW (VeroWhite),30.06141,0.05178619
100% VW (VeroWhite),30.0621185,0.04910321
100% VW (VeroWhite),30.0650769,0.05086776
100% VW (VeroWhite),30.0839796,0.0584505
100% VW (VeroWhite),30.08569,0.05596521
100% VW (VeroWhite),30.08789,0.05349524
100% VW (VeroWhite),30.09404,0.06033772
100% VW (VeroWhite),30.09606,0.05881159
100% VW (VeroWhite),34.66641,0.08594489
100% VW (VeroWhite),34.7024,0.08729602
100% VW (VeroWhite),34.8670811,0.08178628
100% VW (VeroWhite),34.9081696,0.08050695
100% VW (VeroWhite),34.9657197,0.0780619
100% VW (VeroWhite),35.0017656,0.0769263
100% VW (VeroWhite),35.0149312,0.07513574
100% VW (VeroWhite),35.0364284,0.07265476
100% VW (VeroWhite),35.0375438,0.07409404
100% VW (VeroWhite),35.0498181,0.07213535
100% VW (VeroWhite),35.06163,0.07079273
100% VW (VeroWhite),35.0642067,0.07157246
100% VW (VeroWhite),35.06473,0.0650218
100% VW (VeroWhite),35.06591,0.07164414
100% VW (VeroWhite),35.06989,0.06772868
100% VW (VeroWhite),35.07737,0.06777391
100% VW (VeroWhite),35.0814233,0.06746358
100% VW (VeroWhite),35.08661,0.06054822
100% VW (VeroWhite),35.0892034,0.06328952
100% VW (VeroWhite),35.0902506,0.06197587
100% VW (VeroWhite),39.74409,0.1077472
100% VW (VeroWhite),39.757621,0.10330505
100% VW (VeroWhite),39.7638383,0.10118764
100% VW (VeroWhite),39.770084,0.09805635
100% VW (VeroWhite),39.7708382,0.11044269
100% VW (VeroWhite),39.7770528,0.09223833
100% VW (VeroWhite),39.8178889,0.09878699
100% VW (VeroWhite),39.8361669,0.0969294
100% VW (VeroWhite),39.8480568,0.08798771
100% VW (VeroWhite),39.8717187,0.09545385
100% VW (VeroWhite),39.8787158,0.08444555
100% VW (VeroWhite),39.90091,0.09369967
100% VW (VeroWhite),39.92091,0.09094794
100% VW (VeroWhite),39.92099,0.08130365
100% VW (VeroWhite),39.924018,0.09260663
100% VW (VeroWhite),39.94244,0.079614
100% VW (VeroWhite),39.9570852,0.08845123
100% VW (VeroWhite),39.9574466,0.08989502
100% VW (VeroWhite),39.95951,0.08103814
100% VW (VeroWhite),39.96344,0.0871301
100% VW (VeroWhite),39.9689988,0.08774791
100% VW (VeroWhite),39.97135,0.08316337
100% VW (VeroWhite),39.97348,0.07717175
100% VW (VeroWhite),39.9785151,0.08987463
100% VW (VeroWhite),39.9823946,0.07348751
100% VW (VeroWhite),39.98378,0.08212295
100% VW (VeroWhite),39.989511,0.08637185
100% VW (VeroWhite),39.9951009,0.07989563
100% VW (VeroWhite),39.99774,0.07045243
100% VW (VeroWhite),40.00383,0.08320422
100% VW (VeroWhite),44.70132,0.13752711
100% VW (VeroWhite),44.70186,0.14055961
100% VW (VeroWhite),44.7025837,0.13176321
100% VW (VeroWhite),44.70415,0.13567118
100% VW (VeroWhite),44.7160894,0.13182597
100% VW (VeroWhite),44.7252463,0.14718079
100% VW (VeroWhite),44.73632,0.12908269
100% VW (VeroWhite),44.74465,0.12740784
100% VW (VeroWhite),44.7583555,0.12747688
100% VW (VeroWhite),44.77151,0.13187645
100% VW (VeroWhite),44.7927289,0.12401884
100% VW (VeroWhite),44.79479,0.12398833
100% VW (VeroWhite),44.79694,0.12310544
100% VW (VeroWhite),44.8271,0.12080195
100% VW (VeroWhite),44.8434301,0.11570488
100% VW (VeroWhite),44.85521,0.11322915
100% VW (VeroWhite),44.8661278,0.11036699
100% VW (VeroWhite),44.889743,0.10840838
100% VW (VeroWhite),44.8984,0.14692074
100% VW (VeroWhite),44.96079,0.1576999
100% VW (VeroWhite),49.6866026,0.1833737
100% VW (VeroWhite),49.6894163,0.17787145
100% VW (VeroWhite),49.70316,0.19030171
100% VW (VeroWhite),49.7090525,0.14819745
100% VW (VeroWhite),49.71125,0.17326762
100% VW (VeroWhite),49.71828,0.15768935
100% VW (VeroWhite),49.7201403,0.16295058
100% VW (VeroWhite),49.72313,0.16934992
100% VW (VeroWhite),49.72416,0.17543354
100% VW (VeroWhite),49.72652,0.15301438
100% VW (VeroWhite),49.7271315,0.1541962
100% VW (VeroWhite),49.729881,0.17482702
100% VW (VeroWhite),49.7314079,0.15517454
100% VW (VeroWhite),49.7315619,0.15968794
100% VW (VeroWhite),49.7353352,0.185284
100% VW (VeroWhite),49.7367368,0.18598832
100% VW (VeroWhite),49.7382793,0.18586143
100% VW (VeroWhite),49.74036,0.16637381
100% VW (VeroWhite),49.74774,0.1733822
100% VW (VeroWhite),49.7659737,0.18747439
100% VW (VeroWhite),49.7702994,0.17916888
100% VW (VeroWhite),49.7966412,0.19341309
100% VW (VeroWhite),49.815493,0.20001421
100% VW (VeroWhite),49.8168732,0.1862767
100% VW (VeroWhite),49.87063,0.20106195
100% VW (VeroWhite),49.9030896,0.19530681
100% VW (VeroWhite),49.9635555,0.21168678
100% VW (VeroWhite),50.07487,0.20943522
100% VW (VeroWhite),50.10376,0.21466824
100% VW (VeroWhite),50.14766,0.228394
100% VW (VeroWhite),54.736735,0.21575117
100% VW (VeroWhite),54.7520838,0.21809647
100% VW (VeroWhite),54.769826,0.22706469
100% VW (VeroWhite),54.78568,0.23200989
100% VW (VeroWhite),54.8022159,0.2393935
100% VW (VeroWhite),54.80367,0.22933298
100% VW (VeroWhite),54.8176243,0.2465117
100% VW (VeroWhite),54.8356,0.23735027
100% VW (VeroWhite),54.84901,0.22314578
100% VW (VeroWhite),54.8552794,0.22677277
100% VW (VeroWhite),54.85619,0.24067787
100% VW (VeroWhite),54.86858,0.25481887
100% VW (VeroWhite),54.8795407,0.23926687
100% VW (VeroWhite),54.8833077,0.24856456
100% VW (VeroWhite),54.9080938,0.23703782
100% VW (VeroWhite),54.9168418,0.24789395
100% VW (VeroWhite),54.92338,0.26573365
100% VW (VeroWhite),54.9316976,0.2418049
100% VW (VeroWhite),54.9690578,0.25368808
100% VW (VeroWhite),54.972355,0.24928542
100% VW (VeroWhite),54.9933563,0.25829037
100% VW (VeroWhite),55.0052802,0.26245937
100% VW (VeroWhite),55.03066,0.26966203
100% VW (VeroWhite),55.0427066,0.28140857
100% VW (VeroWhite),55.0752311,0.27353125
100% VW (VeroWhite),55.08732,0.28536244
100% VW (VeroWhite),55.10405,0.31088719
100% VW (VeroWhite),55.13974,0.31403032
100% VW (VeroWhite),55.14092,0.28907733
100% VW (VeroWhite),55.1716547,0.30871683
100% VW (VeroWhite),59.7668899,0.29773834
100% VW (VeroWhite),59.79353,0.30130148
100% VW (VeroWhite),59.8148549,0.31555773
100% VW (VeroWhite),59.8267823,0.31188038
100% VW (VeroWhite),59.86132,0.32226084
100% VW (VeroWhite),59.88702,0.32672434
100% VW (VeroWhite),59.90342,0.30247687
100% VW (VeroWhite),59.92728,0.31502059
100% VW (VeroWhite),59.93181,0.2890327
100% VW (VeroWhite),59.9360382,0.33798166
100% VW (VeroWhite),59.9483967,0.29579341
100% VW (VeroWhite),59.9558914,0.31699412
100% VW (VeroWhite),59.9685886,0.29885706
100% VW (VeroWhite),59.97961,0.30839655
100% VW (VeroWhite),59.98834,0.32638753
100% VW (VeroWhite),60.01017,0.32378108
100% VW (VeroWhite),60.0117958,0.32944246
100% VW (VeroWhite),60.0162905,0.35244656
100% VW (VeroWhite),60.0339185,0.33587348
100% VW (VeroWhite),60.0425975,0.33483767
100% VW (VeroWhite),60.06529,0.34646818
100% VW (VeroWhite),60.08167,0.34870595
100% VW (VeroWhite),60.08372,0.37309716
100% VW (VeroWhite),60.1147,0.40667175
100% VW (VeroWhite),60.124,0.36448741
100% VW (VeroWhite),60.1270254,0.41862129
100% VW (VeroWhite),60.1301027,0.36130497
100% VW (VeroWhite),60.1317777,0.41450486
100% VW (VeroWhite),60.161123,0.38642555
100% VW (VeroWhite),60.16261,0.38101411
100% VW (VeroWhite),64.6592823,0.51311859
100% VW (VeroWhite),64.7113549,0.47689638
100% VW (VeroWhite),64.74312,0.42273885
100% VW (VeroWhite),64.7448562,0.43589537
100% VW (VeroWhite),64.74523,0.45311831
100% VW (VeroWhite),64.75934,0.40743384
100% VW (VeroWhite),64.7678024,0.39916318
100% VW (VeroWhite),64.7729,0.38889628
100% VW (VeroWhite),64.7798804,0.37942084
100% VW (VeroWhite),64.7831647,0.37457122
100% VW (VeroWhite),65.0036389,0.38228913
100% VW (VeroWhite),65.02394,0.39222541
100% VW (VeroWhite),65.04842,0.39224883
100% VW (VeroWhite),65.0517939,0.38242921
100% VW (VeroWhite),65.05975,0.52839503
100% VW (VeroWhite),65.0631225,0.55780666
100% VW (VeroWhite),65.07006,0.40358852
100% VW (VeroWhite),65.0797642,0.38933879
100% VW (VeroWhite),65.0888774,0.42171611
100% VW (VeroWhite),65.10312,0.39298322
100% VW (VeroWhite),65.1128,0.43355477
100% VW (VeroWhite),65.1176817,0.41464593
100% VW (VeroWhite),65.1186821,0.451479
100% VW (VeroWhite),65.13465,0.4692794
100% VW (VeroWhite),65.14444,0.42414812
100% VW (VeroWhite),65.15075,0.49273409
100% VW (VeroWhite),65.1811594,0.44554076
100% VW (VeroWhite),65.2122388,0.51093035
100% VW (VeroWhite),65.2171249,0.48271812
100% VW (VeroWhite),65.21857,0.4626912
100% VW (VeroWhite),69.92502,0.66181638
100% VW (VeroWhite),69.9554326,0.69390698
100% VW (VeroWhite),70.0243986,0.60056602
100% VW (VeroWhite),70.0643181,0.65050076
100% VW (VeroWhite),70.0986644,0.60030631
100% VW (VeroWhite),70.1125355,0.51932762
100% VW (VeroWhite),70.1139695,0.5062906
100% VW (VeroWhite),70.1252045,0.51858271
100% VW (VeroWhite),70.12999,0.52226115
100% VW (VeroWhite),70.1338623,0.62475548
100% VW (VeroWhite),70.13512,0.58201173
100% VW (VeroWhite),70.14057,0.55688062
100% VW (VeroWhite),70.1463932,0.60157757
100% VW (VeroWhite),70.14942,0.58113119
100% VW (VeroWhite),70.15313,0.48855839
100% VW (VeroWhite),70.15635,0.50318241
100% VW (VeroWhite),70.1646701,0.50916822
100% VW (VeroWhite),70.16534,0.50730241
100% VW (VeroWhite),70.16611,0.54801899
100% VW (VeroWhite),70.16955,0.53353086
100% VW (VeroWhite),74.84422,0.82965262
100% VW (VeroWhite),74.9662271,0.76185625
100% VW (VeroWhite),75.049686,0.73189094
100% VW (VeroWhite),75.0777956,0.77068759
100% VW (VeroWhite),75.147,0.74748144
100% VW (VeroWhite),75.17879,0.70268751
100% VW (VeroWhite),75.1918516,0.67209648
100% VW (VeroWhite),75.19305,0.71599117
100% VW (VeroWhite),75.1992876,0.65807128
100% VW (VeroWhite),75.21372,0.65809534
100% VW (VeroWhite),75.2200952,0.64262708
100% VW (VeroWhite),75.2288113,0.63454835
100% VW (VeroWhite),75.29342,0.70138542
100% VW (VeroWhite),75.344146,0.68814457
100% VW (VeroWhite),75.36594,0.69602884
100% VW (VeroWhite),75.37578,0.674352
100% VW (VeroWhite),75.3960795,0.67070361
100% VW (VeroWhite),75.4070624,0.6768072
100% VW (VeroWhite),75.42046,0.64392631
100% VW (VeroWhite),79.8389799,0.86161976
100% VW (VeroWhite),79.8425915,0.83813335
100% VW (VeroWhite),79.9056203,0.93870814
100% VW (VeroWhite),79.9532,1.03320372
100% VW (VeroWhite),79.9960919,1.0007516
100% VW (VeroWhite),80.01033,0.79369536
100% VW (VeroWhite),80.05711,0.88542829
100% VW (VeroWhite),80.08979,0.78830771
100% VW (VeroWhite),80.0966336,0.85071289
100% VW (VeroWhite),80.106984,0.94339165
100% VW (VeroWhite),80.1139853,0.83962668
100% VW (VeroWhite),80.1305787,0.95864302
100% VW (VeroWhite),80.1392,0.82193614
100% VW (VeroWhite),80.14878,0.76944314
100% VW (VeroWhite),80.15304,0.80078973
100% VW (VeroWhite),80.1620296,0.9343838799999999
100% VW (VeroWhite),80.17639,0.90160642
100% VW (VeroWhite),80.19615,0.82561383
100% VW (VeroWhite),80.2163211,0.82489758
100% VW (VeroWhite),86.408394,0.63300459
100% VW (VeroWhite),86.46898,0.74508221
100% VW (VeroWhite),86.5299327,0.74571133
100% VW (VeroWhite),86.55434,0.79683619
100% VW (VeroWhite),86.5797524,0.84496683
100% VW (VeroWhite),86.58083,0.82935319
100% VW (VeroWhite),86.5826791,0.83678607
100% VW (VeroWhite),86.58646,0.80552232
100% VW (VeroWhite),86.58875,0.80576609
100% VW (VeroWhite),89.90667,0.60492158
100% VW (VeroWhite),89.9282688,0.73112412
100% VW (VeroWhite),89.9322937,0.44781658
100% VW (VeroWhite),89.95072,0.7743729
100% VW (VeroWhite),89.9749187,0.78001816
100% VW (VeroWhite),89.9773241,0.52975862
100% VW (VeroWhite),90.00536,0.77270898
100% VW (VeroWhite),90.0219,0.81589274
100% VW (VeroWhite),90.03215,0.65858654
100% VW (VeroWhite),90.03692,0.83003226
100% VW (VeroWhite),90.0455717,0.81224215
100% VW (VeroWhite),90.0566998,0.77776594
100% VW (VeroWhite),90.0752748,0.67909004
100% VW (VeroWhite),90.1126006,0.69051356
100% VW (VeroWhite),90.1150147,0.76680957
100% VW (VeroWhite),90.11511,0.74731708
100% VW (VeroWhite),90.1317994,0.7440737
100% VW (VeroWhite),90.13819,0.75933102
100% VW (VeroWhite),90.14172,0.75793026
100% VW (VeroWhite),96.340594,0.22774176
100% VW (VeroWhite),96.4266179,0.24575424
100% VW (VeroWhite),96.48106,0.32047926
100% VW (VeroWhite),96.51304,0.3967471
100% VW (VeroWhite),96.5766318,0.42596184
100% VW (VeroWhite),96.59932,0.4628708
100% VW (VeroWhite),96.62788,0.48560973
100% VW (VeroWhite),96.6556,0.49769054
100% VW (VeroWhite),96.67115,0.50900262
100% VW (VeroWhite),96.6755715,0.4777819
100% VW (VeroWhite),99.87943,0.52910468
100% VW (VeroWhite),99.89605,0.63524066
100% VW (VeroWhite),99.9170365,0.41995445
100% VW (VeroWhite),99.91881,0.73479425
100% VW (VeroWhite),99.94896,0.70776552
100% VW (VeroWhite),99.978305,0.45188772
100% VW (VeroWhite),99.9942313,0.6645697
100% VW (VeroWhite),100.01104,0.48183962
100% VW (VeroWhite),100.043197,0.72132521
100% VW (VeroWhite),100.052364,0.49922177
100% VW (VeroWhite),100.05853,0.7068404
100% VW (VeroWhite),100.08083,0.56893193
100% VW (VeroWhite),100.08465,0.6585164
100% VW (VeroWhite),100.087531,0.58996759
100% VW (VeroWhite),100.08857,0.56106192
100% VW (VeroWhite),100.09174,0.54206794
100% VW (VeroWhite),100.097123,0.52993049
100% VW (VeroWhite),100.103687,0.54859532
100% VW (VeroWhite),100.11987,0.51028518
100% VW (VeroWhite),106.68188,0.06363239
100% VW (VeroWhite),106.726872,0.11005228
100% VW (VeroWhite),106.772214,0.13308947
100% VW (VeroWhite),106.80402,0.14817382
100% VW (VeroWhite),106.843353,0.16668303
100% VW (VeroWhite),106.870441,0.18419966
100% VW (VeroWhite),106.881738,0.18998521
100% VW (VeroWhite),106.88879,0.18937898
100% VW (VeroWhite),106.88943,0.1454221
