time_s,E_TB_MPa,E_16.5VW_MPa,E_33VW_MPa,E_50VW_MPa,E_66VW_MPa,E_83.5VW_MPa,E_VW_MPa
1e-10,481.015857975744,564.168293906003,1341.59534927832,1565.12726130861,1791.67718546296,1935.54406904611,2094.15410707941
1.59228279334109e-10,458.210839842144,540.566301881526,1325.8267340862,1555.11264377643,1782.12976440224,1934.04227989868,2093.07521281038
2.53536449397012e-10,435.88953067202,516.664729968146,1309.49705433749,1543.52237599283,1772.87697592702,1931.74170481805,2091.43707387381
4.03701725859655e-10,414.310206063922,492.659703648442,1292.74081310663,1531.34800517776,1764.22425951569,1928.29521348591,2089.01782120139
6.42807311728432e-10,393.677859669003,468.479920905397,1276.07523821712,1519.55752522142,1755.48901769946,1923.30738489624,2085.59682744023
1.02353102189903e-09,374.121064133556,444.315326704469,1258.47407232808,1507.7036623861,1746.39680220227,1916.45776990974,2081.07337294556
1.62975083462065e-09,355.682086691837,420.295057257039,1238.9771481426,1494.63043677871,1737.41727548187,1907.74440479865,2075.6664856131
2.59502421139973e-09,338.257106511721,396.632957377889,1218.37103190422,1480.59061274769,1728.46705808076,1897.74068730323,2070.05923334217
4.13201240011534e-09,321.582989524843,373.545268786232,1197.40655683673,1466.95087394087,1718.8631259856,1887.4718149716,2065.12192612223
6.57933224657568e-09,305.305608743241,351.026287964372,1175.36343856708,1453.97928552208,1708.55043038384,1877.60077505452,2061.07567862952
1.04761575278967e-08,289.096850617411,329.211414772179,1151.90545891966,1440.23754028905,1697.87236018631,1867.85229464435,2057.12402405112
1.66810053720006e-08,272.702607743155,308.374704644721,1128.05119848345,1424.9284391667,1686.52939545487,1857.90366819819,2052.48282010842
2.65608778294669e-08,256.048669383446,288.419288221658,1103.81995189165,1409.15312359512,1674.15238730565,1847.94963648267,2047.19822547778
4.2292428743895e-08,239.145597276653,269.16432254719,1078.12415864239,1393.96192362656,1661.22702617594,1837.91277513938,2041.74781812076
6.73415065775083e-08,222.113050323574,250.824410014172,1051.38152231319,1378.5005543312,1648.12436584468,1827.61763674961,2036.29953714532
1.07226722201032e-07,205.101123258005,233.342835826557,1024.58533875879,1361.35258468629,1634.32043263629,1817.19875642651,2030.31674881728
1.70735264747069e-07,188.296368788338,216.588057289593,996.995694436099,1343.05010430414,1619.63461863469,1806.53809068422,2023.22823787413
2.71858824273294e-07,171.872573931405,200.541385685029,968.112458207328,1325.10968584072,1604.6461857477,1795.43768790959,2015.19395397196
4.32876128108306e-07,155.9948818311,185.333243285101,939.210123548187,1307.42449814209,1589.23797347145,1783.95461728481,2006.69164097909
6.8926121043497e-07,140.785289942019,170.834361347312,910.517192169692,1288.47186769549,1572.82592196312,1772.13927458254,1997.69529647627
1.09749876549306e-06,126.327367074814,156.93104722583,880.944624913864,1268.32220522158,1555.86329793405,1759.88022064589,1987.77603448195
1.74752840000768e-06,112.656207107453,143.735482399684,851.060715521109,1248.71099073821,1538.92743093101,1746.92043301144,1977.18107393741
2.78255940220713e-06,99.7489990662236,131.177685974305,821.808971784318,1229.96532055759,1521.50138455996,1733.53849312029,1966.7855251428
4.43062145758388e-06,87.6078758681337,119.287055261801,792.261150460389,1210.37568161826,1503.45025192642,1720.13004769902,1956.90478910982
7.05480231071865e-06,76.2905533947027,108.019873653226,762.203296922604,1189.40935900349,1485.59849247951,1706.11961655274,1947.3468386045
1.12332403297803e-05,65.8798399758615,97.3719882837869,732.898354135972,1168.59599315133,1467.83005981113,1691.06563125155,1938.46143356088
1.78864952905744e-05,56.4697280261855,87.3938924487215,704.01738739825,1148.4376715208,1449.40368964541,1675.72526199814,1930.52679942373
2.8480358684358e-05,48.1033854800756,78.0932512328935,674.647331644771,1127.30028821499,1430.85740935878,1660.47265878778,1922.94474613113
4.53487850812858e-05,40.8070747560409,69.4767224373195,645.636718399933,1104.50788066229,1412.76837914556,1644.42057474942,1915.35947901169
7.22080901838547e-05,34.558183622121,61.5167525919661,617.159614177993,1081.62687587837,1394.28203977187,1627.30834705587,1908.01393380758
0.000114975699539774,29.2770527229931,54.268889372104,588.09386916549,1059.39720584324,1375.01100677273,1610.13858209578,1900.63990242629
0.000183073828029537,24.8809855466104,47.6735032643726,558.886689340363,1036.33250005115,1355.79522856842,1592.98010849364,1892.63444542887
0.000291505306282518,21.2310915529674,41.6905435001799,530.376351324586,1011.85149314625,1336.47668539172,1574.56465784945,1884.0616923815
0.000464158883361278,18.1695271542674,36.3606732255578,501.883314257516,987.765675749719,1316.06331936733,1554.88020954529,1875.17518983246
0.000739072203352578,15.5719963090138,31.6548723656113,473.500104868719,964.956759822544,1295.03891165969,1535.52843251609,1865.53755536908
0.001176811952435,13.2503446522647,27.4822330140598,446.105509321519,941.842214191708,1274.33818486357,1516.79032733912,1854.64673113248
0.00187381742286039,11.119385697419,23.8631141288605,419.18565790199,917.753152273208,1253.21441666964,1496.7241698702,1842.8233243632
0.00298364724028334,9.19014314934453,20.7663167106489,392.586199952612,894.296666924619,1230.90303343498,1474.45003014729,1830.43610100556
0.0047508101621028,7.45929364657947,18.1117734441044,367.178155073563,871.854262879364,1208.36997313086,1451.88875423346,1817.09170242411
0.00756463327554629,5.97675787502749,15.8094687841195,342.762039273093,848.592429596194,1186.05015669767,1430.88782118932,1802.59990772299
0.0120450354025878,4.71959442115698,13.8160487171081,319.26869822219,824.087819464604,1162.84156649711,1410.1904641594,1787.69765420493
0.0191791026167249,3.62248217364904,12.1364562353422,297.487040912425,800.034473564815,1138.77502466948,1387.16786673149,1772.65226162472
0.0305385550883342,2.72181830985227,10.6678070967538,277.217773077321,776.667071463823,1115.13865990359,1362.10275446722,1756.71784728361
0.0486260158006535,2.01215675026591,9.35824879348307,258.300019014395,752.258470607992,1091.58441171673,1337.70949086935,1739.90926966381
0.0774263682681127,1.41796929218517,8.23938719845406,241.235885443256,726.815634010255,1066.90135130553,1315.09099167454,1723.19959539215
0.123284673944207,0.948917328945935,7.29111758833262,225.688636434288,702.318931740658,1041.8344107402,1291.79233335855,1706.43331395316
0.196304065004027,0.64287996523302,6.45936735118621,211.426551507902,678.994000162305,1017.3975312369,1265.57334589128,1688.49414774755
0.312571584968824,0.460887133481752,5.67736906240085,198.627293677147,655.190303129513,992.566123336859,1238.00326943967,1669.61940494022
0.497702356433211,0.354999529942734,4.94930150808219,186.777464628642,631.126880286543,966.639262995702,1212.01978176085,1650.81221554503
0.792482898353917,0.310196573861069,4.35097225986116,175.570648650738,608.465698990073,940.76633748622,1187.54010309598,1631.49361322602
1.26185688306602,0.300697516021412,3.87883421374113,164.994465187821,586.692164922328,915.029641465906,1161.28942764915,1610.40837809883
2.00923300256505,0.300009743330413,3.44474074683824,154.713831946833,564.052164717366,888.044163245056,1132.05573808813,1588.1878680143
3.19926713779738,0.300000010845932,3.01052822075383,144.723589259317,541.117248599798,860.049432467694,1102.53605103676,1566.11987558941
5.09413801481638,0.300000000000215,2.59401495939589,135.160048303955,519.400328014989,832.110638059613,1075.20450460164,1543.43108080338
8.11130830789687,0.3,2.21087735629274,125.962942869396,498.148164705857,803.342196448354,1048.43652100548,1518.51178453036
12.9154966501488,0.3,1.88164831848056,117.139844121669,475.911460378027,772.795232615685,1018.86176663456,1491.96706782706
20.5651230834865,0.3,1.61708355646395,108.70326860604,453.687450215784,741.50170716065,986.840838411645,1465.16324333508
32.7454916287773,0.3,1.39731298658127,100.625440029959,433.018272076079,709.755465045411,955.571164407872,1437.07167280236
52.1400828799969,0.3,1.22176301191564,92.9199116326076,413.073179985683,676.421659445884,925.985316205581,1405.63783796506
83.0217568131974,0.3,1.11756156362978,85.7113342480366,392.563902459701,641.930711594271,895.141204689583,1371.17897258095
132.194114846603,0.3,1.08156581555892,79.1411817235034,372.530536508825,607.328451530922,861.277823941175,1334.71565270767
210.490414451202,0.3,1.07613637001596,73.1268902395251,354.086255076108,571.883871523938,826.7110274059,1294.86769831136
335.160265093884,0.3,1.0759015023375,67.5670613902315,335.999806309167,535.528858443588,793.491175017061,1249.90800669527
533.669923120631,0.3,1.07590000047731,62.5342995643946,317.061956204004,499.634166622012,759.846566706927,1200.68740358551
849.753435908644,0.3,1.0759,57.9530939211123,298.364435081734,464.065187121292,723.659206916395,1147.80801299639
1353.04777457981,0.3,1.0759,53.7834264737661,280.891246758783,428.531910488266,686.558134821492,1089.80477677687
2154.43469003188,0.3,1.0759,49.9496356131263,263.503677818917,394.302186701487,650.446112110548,1026.88619203202
3430.46928631492,0.3,1.0759,46.2099290484096,245.243373275437,361.41214516102,613.982370785517,961.218959529196
5462.27721768434,0.3,1.0759,42.5796546532321,227.328552845073,329.323579600043,576.040247587534,893.399713506279
8697.49002617784,0.3,1.0759,39.179127689891,210.798057454479,299.095459907744,538.48204526561,824.626534192492
13848.8637139387,0.3,1.0759,35.9310038896633,194.600467594692,270.955729221368,502.147286956198,757.710923800861
22051.3073990305,0.3,1.0759,32.8446392856284,177.838328047699,244.42020581546,465.722442158122,693.20417876311
35111.9173421513,0.3,1.0759,30.0162934832816,161.716951249429,220.25820845716,429.661157413774,631.887227394155
55908.1018251222,0.3,1.0759,27.3943642969892,147.256765366098,198.428588200101,395.270631631172,575.96533081511
89021.5085445039,0.3,1.0759,24.9865567059225,133.44040183387,178.262658431496,361.964038847187,524.82790732892
141747.416292681,0.3,1.0759,22.8529697651119,119.366067703838,160.348664931996,329.646320413889,477.658148889481
225701.971963392,0.3,1.0759,20.9058050928608,106.152526864366,144.651783040342,298.980362497303,434.536434833066
359381.366380463,0.3,1.0759,19.115174350702,94.8521143985451,130.383456154276,269.490701888671,394.335811663907
572236.765935022,0.3,1.0759,17.5259365757245,84.5719680583098,117.74932532119,241.448156694908,357.20074248022
911162.756115489,0.3,1.0759,16.0468475212981,74.2302924188569,106.651214164408,215.469244008513,323.172395890953
1450828.77849594,0.3,1.0759,14.6155829310521,64.5606641282916,96.3553935444003,190.837338213326,291.204079012703
2310129.70008316,0.3,1.0759,13.3107491359124,56.6537381450515,87.0272434072047,167.529188861508,261.699791359781
3678379.77182863,0.3,1.0759,12.1235196309336,50.0436605311076,78.9261937820681,146.081778844671,234.676968866551
5857020.81805666,0.3,1.0759,10.9449840635762,43.5470202503944,71.6059982961605,126.332458556143,209.362494906252
9326033.4688322,0.3,1.0759,9.81165048001815,37.2706845431768,65.0792626078817,108.378006624818,185.962376034072
14849682.6225446,0.3,1.0759,8.87839715389026,32.2331001414252,59.7120274501863,92.1570853753657,164.160362352862
23644894.1264541,0.3,1.0759,8.15935777262607,28.7157552479089,55.1483579225875,77.5135743451281,143.609018721606
37649358.0679246,0.3,1.0759,7.48941005231653,25.8202146767379,50.9236090651849,64.6279281880119,124.936182307279
59948425.0318941,0.3,1.0759,6.77724712503972,22.799914728254,47.1359504721384,53.4833897057644,108.186980207503
95454845.6661833,0.3,1.0759,6.11855518078258,19.8780992829242,43.7151696192032,44.0122433093797,93.4453018675633
151991108.295293,0.3,1.0759,5.66901743428863,17.6812440847855,40.24412231,35.9355590448807,81.2009029413314
242012826.479438,0.3,1.0759,5.47645916677146,16.4679340739885,36.6881157616776,29.1073006792987,71.0422305954612
385352859.371054,0.3,1.0759,5.43178796569797,15.8063281175131,33.4035307671583,23.4975922265988,62.468999520518
613590727.341316,0.3,1.0759,5.41935222112311,15.1305207520495,30.4938791028603,18.9381166245983,55.1273554937088
977009957.299225,0.3,1.0759,5.40378181473279,14.2188701714303,27.7253293895483,15.3251526175834,48.2987126418635
1555676143.93047,0.3,1.0759,5.37925234781873,13.0578178437806,25.1045674775971,12.5258569644271,41.8398075263619
2477076355.99171,0.3,1.0759,5.34071863718621,11.7592952544084,22.9145704682662,10.4306019777742,36.0223384591591
3944206059.43765,0.3,1.0759,5.280667378001,10.5756427460245,21.1494158459457,8.99714195792266,30.9142945237008
6280291441.83425,0.3,1.0759,5.18826580818533,9.79083907709787,19.4925983802485,8.17340011985045,26.7648113147388
10000000000.0,0.3,1.0759,5.04893350636298,9.47098128352909,17.8496175557057,7.77880612468824,23.7837441764226
