rho_est,Tg_C
0.0,20.0
0.001001,20.0
0.002002,20.0
0.003003,20.0
0.004004,20.0
0.00500501,20.0
0.00600601,20.0
0.00700701,20.0
0.00800801,20.0
0.00900901,20.0
0.01001001,20.0
0.01101101,20.0
0.01201201,20.0
0.01301301,20.0
0.01401401,20.0
0.01501502,20.0
0.01601602,20.0
0.01701702,20.0
0.01801802,20.0
0.01901902,20.0
0.02002002,20.0
0.02102102,20.0
0.02202202,20.0
0.02302302,20.0
0.02402402,20.0
0.02502503,20.0
0.02602603,20.0
0.02702703,20.0
0.02802803,20.0
0.02902903,20.0
0.03003003,20.0
0.03103103,20.0
0.03203203,20.0
0.03303303,20.0
0.03403403,20.0
0.03503504,20.0
0.03603604,20.0
0.03703704,20.0
0.03803804,20.0
0.03903904,20.0
0.04004004,20.0
0.04104104,20.0
0.04204204,20.0
0.04304304,20.0
0.04404404,20.0
0.04504505,20.0
0.04604605,20.0
0.04704705,20.0
0.04804805,20.0
0.04904905,20.0
0.05005005,20.0
0.05105105,20.0
0.05205205,20.0
0.05305305,20.0
0.05405405,20.0
0.05505506,20.0
0.05605606,20.0
0.05705706,20.0
0.05805806,20.0
0.05905906,20.0
0.06006006,20.0
0.06106106,20.0
0.06206206,20.0
0.06306306,20.0
0.06406406,20.0
0.06506507,20.0
0.06606607,20.0
0.06706707,20.0
0.06806807,20.0
0.06906907,20.0
0.07007007,20.0
0.07107107,20.0
0.07207207,20.0
0.07307307,20.0
0.07407407,20.0
0.07507508,20.0
0.07607608,20.0
0.07707708,20.0
0.07807808,20.0
0.07907908,20.0
0.08008008,20.0
0.08108108,20.0
0.08208208,20.0
0.08308308,20.0
0.08408408,20.0
0.08508509,20.0
0.08608609,20.0
0.08708709,20.0
0.08808809,20.0
0.08908909,20.0
0.09009009,20.0
0.09109109,20.0
0.09209209,20.0
0.09309309,20.0
0.09409409,20.0
0.0950951,20.0
0.0960961,20.0
0.0970971,20.0
0.0980981,20.0
0.0990991,20.0
0.1001001,20.0
0.1011011,20.0
0.1021021,20.0
0.1031031,20.0
0.1041041,20.0
0.10510511,20.0
0.10610611,20.0
0.10710711,20.0
0.10810811,20.0
0.10910911,20.0
0.11011011,20.0
0.11111111,20.0
0.11211211,20.0
0.11311311,20.0
0.11411411,20.0
0.11511512,20.0
0.11611612,20.0
0.11711712,20.0
0.11811812,20.0
0.11911912,20.0
0.12012012,20.0
0.12112112,20.0
0.12212212,20.0
0.12312312,20.0
0.12412412,20.0
0.12512513,20.0
0.12612613,20.0
0.12712713,20.0
0.12812813,20.0
0.12912913,20.0
0.13013013,20.0
0.13113113,20.0
0.13213213,20.0
0.13313313,20.0
0.13413413,20.0
0.13513514,20.0
0.13613614,20.0
0.13713714,20.0
0.13813814,20.0
0.13913914,20.0
0.14014014,20.0
0.14114114,20.0
0.14214214,20.0
0.14314314,20.0
0.14414414,20.0
0.14514515,20.0
0.14614615,20.0
0.14714715,20.0
0.14814815,20.0
0.14914915,20.0
0.15015015,20.0
0.15115115,20.0
0.15215215,20.0
0.15315315,20.0
0.15415415,20.0
0.15515516,20.0
0.15615616,20.0
0.15715716,20.0
0.15815816,20.0
0.15915916,20.0
0.16016016,20.0
0.16116116,20.0
0.16216216,20.0
0.16316316,20.5248572
0.16416416,21.5611491
0.16516517,22.2025794
0.16616617,22.7194801
0.16716717,23.1671551
0.16816817,23.5688995
0.16916917,23.9372013
0.17017017,24.2796979
0.17117117,24.6014722
0.17217217,24.9061135
0.17317317,25.1962705
0.17417417,25.4739653
0.17517518,25.740784
0.17617618,25.9979984
0.17717718,26.2466476
0.17817818,26.4875934
0.17917918,26.7215605
0.18018018,26.9491653
0.18118118,27.1709371
0.18218218,27.3873349
0.18318318,27.5987598
0.18418418,27.8055646
0.18518519,28.0080617
0.18618619,28.2065295
0.18718719,28.4012171
0.18818819,28.5923486
0.18918919,28.7801267
0.19019019,28.9647351
0.19119119,29.1463412
0.19219219,29.3250978
0.19319319,29.5011452
0.19419419,29.6746124
0.1951952,29.845618
0.1961962,30.0142721
0.1971972,30.1806764
0.1981982,30.3449256
0.1991992,30.5071077
0.2002002,30.6673048
0.2012012,30.8255936
0.2022022,30.9820461
0.2032032,31.1367296
0.2042042,31.2897075
0.20520521,31.4410393
0.20620621,31.5907812
0.20720721,31.7389861
0.20820821,31.8857041
0.20920921,32.0309825
0.21021021,32.1748663
0.21121121,32.3173979
0.21221221,32.4586178
0.21321321,32.5985643
0.21421421,32.7372739
0.21521522,32.8747816
0.21621622,33.0111203
0.21721722,33.1463219
0.21821822,33.2804164
0.21921922,33.4134328
0.22022022,33.5453988
0.22122122,33.6763407
0.22222222,33.806284
0.22322322,33.9352529
0.22422422,34.0632708
0.22522523,34.1903601
0.22622623,34.3165422
0.22722723,34.4418379
0.22822823,34.566267
0.22922923,34.6898488
0.23023023,34.8126016
0.23123123,34.9345433
0.23223223,35.0556909
0.23323323,35.1760611
0.23423423,35.2956698
0.23523524,35.4145324
0.23623624,35.5326638
0.23723724,35.6500784
0.23823824,35.7667901
0.23923924,35.8828125
0.24024024,35.9981585
0.24124124,36.1128408
0.24224224,36.2268716
0.24324324,36.3402628
0.24424424,36.453026
0.24524525,36.5651721
0.24624625,36.6767121
0.24724725,36.7876565
0.24824825,36.8980155
0.24924925,37.007799
0.25025025,37.1170165
0.25125125,37.2256776
0.25225225,37.3337912
0.25325325,37.4413663
0.25425425,37.5484114
0.25525526,37.6549349
0.25625626,37.760945
0.25725726,37.8664496
0.25825826,37.9714565
0.25925926,38.0759732
0.26026026,38.180007
0.26126126,38.2835652
0.26226226,38.3866547
0.26326326,38.4892823
0.26426426,38.5914547
0.26526527,38.6931783
0.26626627,38.7944596
0.26726727,38.8953046
0.26826827,38.9957195
0.26926927,39.0957101
0.27027027,39.1952822
0.27127127,39.2944414
0.27227227,39.3931933
0.27327327,39.4915431
0.27427427,39.5894963
0.27527528,39.6870578
0.27627628,39.7842328
0.27727728,39.8810262
0.27827828,39.9774428
0.27927928,40.0734873
0.28028028,40.1691644
0.28128128,40.2644786
0.28228228,40.3594342
0.28328328,40.4540357
0.28428428,40.5482873
0.28528529,40.6421931
0.28628629,40.7357573
0.28728729,40.8289839
0.28828829,40.9218767
0.28928929,41.0144396
0.29029029,41.1066764
0.29129129,41.1985908
0.29229229,41.2901864
0.29329329,41.3814668
0.29429429,41.4724355
0.2952953,41.5630958
0.2962963,41.6534513
0.2972973,41.7435051
0.2982983,41.8332605
0.2992993,41.9227207
0.3003003,42.0118889
0.3013013,42.100768
0.3023023,42.1893612
0.3033033,42.2776714
0.3043043,42.3657014
0.30530531,42.4534542
0.30630631,42.5409326
0.30730731,42.6281394
0.30830831,42.7150772
0.30930931,42.8017487
0.31031031,42.8881566
0.31131131,42.9743035
0.31231231,43.0601918
0.31331331,43.1458242
0.31431431,43.231203
0.31531532,43.3163306
0.31631632,43.4012095
0.31731732,43.4858421
0.31831832,43.5702305
0.31931932,43.6543771
0.32032032,43.7382841
0.32132132,43.8219537
0.32232232,43.9053881
0.32332332,43.9885895
0.32432432,44.0715598
0.32532533,44.1543012
0.32632633,44.2368157
0.32732733,44.3191054
0.32832833,44.4011721
0.32932933,44.4830179
0.33033033,44.5646447
0.33133133,44.6460544
0.33233233,44.7272487
0.33333333,44.8082296
0.33433433,44.8889989
0.33533534,44.9695584
0.33633634,45.0499097
0.33733734,45.1300547
0.33833834,45.2099951
0.33933934,45.2897325
0.34034034,45.3692686
0.34134134,45.4486051
0.34234234,45.5277436
0.34334334,45.6066856
0.34434434,45.6854327
0.34534535,45.7639865
0.34634635,45.8423486
0.34734735,45.9205204
0.34834835,45.9985034
0.34934935,46.0762991
0.35035035,46.1539089
0.35135135,46.2313343
0.35235235,46.3085768
0.35335335,46.3856376
0.35435435,46.4625182
0.35535536,46.5392199
0.35635636,46.6157441
0.35735736,46.6920921
0.35835836,46.7682652
0.35935936,46.8442647
0.36036036,46.9200919
0.36136136,46.9957481
0.36236236,47.0712344
0.36336336,47.1465522
0.36436436,47.2217026
0.36536537,47.2966868
0.36636637,47.3715061
0.36736737,47.4461616
0.36836837,47.5206544
0.36936937,47.5949857
0.37037037,47.6691567
0.37137137,47.7431684
0.37237237,47.817022
0.37337337,47.8907185
0.37437437,47.964259
0.37537538,48.0376446
0.37637638,48.1108764
0.37737738,48.1839554
0.37837838,48.2568826
0.37937938,48.329659
0.38038038,48.4022856
0.38138138,48.4747635
0.38238238,48.5470936
0.38338338,48.619277
0.38438438,48.6913144
0.38538539,48.763207
0.38638639,48.8349557
0.38738739,48.9065613
0.38838839000000003,48.9780248
0.38938939,49.0493472
0.39039039,49.1205292
0.39139139,49.1915719
0.39239239,49.2624761
0.39339339,49.3332426
0.39439439,49.4038724
0.3953954,49.4743662
0.3963964,49.544725
0.3973974,49.6149495
0.3983984,49.6850407
0.3993994,49.7549992
0.4004004,49.824826
0.4014014,49.8945218
0.4024024,49.9640874
0.4034034,50.0335236
0.4044044,50.1028312
0.40540541,50.1720109
0.40640641,50.2410636
0.40740741,50.3099899
0.40840841,50.3787907
0.40940941,50.4474666
0.41041041,50.5160183
0.41141141,50.5844467
0.41241241,50.6527525
0.41341341,50.7209363
0.41441441,50.7889988
0.41541542,50.8569407
0.41641642,50.9247628
0.41741742,50.9924658
0.41841842,51.0600502
0.41941942,51.1275167
0.42042042,51.1948661
0.42142142,51.262099
0.42242242,51.3292161
0.42342342,51.3962179
0.42442442,51.4631051
0.42542543,51.5298784
0.42642643,51.5965384
0.42742743,51.6630857
0.42842843,51.7295209
0.42942943,51.7958447
0.43043043,51.8620576
0.43143143,51.9281602
0.43243243,51.9941531
0.43343343,52.060037
0.43443443,52.1258124
0.43543544,52.1914798
0.43643644,52.25704
0.43743744,52.3224933
0.43843844,52.3878404
0.43943944,52.4530819
0.44044044,52.5182182
0.44144144,52.58325
0.44244244,52.6481778
0.44344344,52.7130021
0.44444444,52.7777234
0.44544545,52.8423423
0.44644645,52.9068594
0.44744745,52.9712751
0.44844845,53.0355899
0.44944945,53.0998043
0.45045045,53.1639189
0.45145145,53.2279342
0.45245245,53.2918507
0.45345345,53.3556688
0.45445445,53.419389
0.45545546,53.4830119
0.45645646,53.5465379
0.45745746,53.6099674
0.45845846,53.6733011
0.45945946,53.7365392
0.46046046,53.7996824
0.46146146,53.862731
0.46246246,53.9256855
0.46346346,53.9885464
0.46446446,54.0513141
0.46546547,54.1139891
0.46646647,54.1765718
0.46746747,54.2390626
0.46846847,54.3014621
0.46946947,54.3637705
0.47047047,54.4259884
0.47147147,54.4881162
0.47247247,54.5501542
0.47347347,54.612103
0.47447447,54.6739629
0.47547548,54.7357343
0.47647648,54.7974177
0.47747748,54.8590135
0.47847848,54.920522
0.47947948,54.9819437
0.48048048,55.0432789
0.48148148,55.1045281
0.48248248,55.1656916
0.48348348,55.2267699
0.48448448,55.2877633
0.48548549,55.3486721
0.48648649,55.4094969
0.48748749,55.4702379
0.48848849,55.5308955
0.48948949,55.5914701
0.49049049,55.651962
0.49149149,55.7123717
0.49249249,55.7726995
0.49349349,55.8329458
0.49449449,55.8931108
0.4954955,55.953195
0.4964965,56.0131987
0.4974975,56.0731223
0.4984985,56.132966
0.4994995,56.1927304
0.5005005,56.2524156
0.5015015,56.312022
0.5025025,56.37155
0.5035035,56.4309999
0.5045045,56.4903721
0.50550551,56.5496667
0.50650651,56.6088843
0.50750751,56.6680251
0.50850851,56.7270895
0.50950951,56.7860777
0.51051051,56.84499
0.51151151,56.9038269
0.51251251,56.9625885
0.51351351,57.0212753
0.51451451,57.0798875
0.51551552,57.1384254
0.51651652,57.1968893
0.51751752,57.2552796
0.51851852,57.3135965
0.51951952,57.3718403
0.52052052,57.4300114
0.52152152,57.48811
0.52252252,57.5461364
0.52352352,57.604091
0.52452452,57.6619739
0.52552553,57.7197855
0.52652653,57.777526
0.52752753,57.8351958
0.52852853,57.8927952
0.52952953,57.9503243
0.53053053,58.0077836
0.53153153,58.0651732
0.53253253,58.1224934
0.53353353,58.1797445
0.53453453,58.2369268
0.53553554,58.2940406
0.53653654,58.351086
0.53753754,58.4080635
0.53853854,58.4649731
0.53953954,58.5218153
0.54054054,58.5785902
0.54154154,58.6352981
0.54254254,58.6919393
0.54354354,58.748514
0.54454454,58.8050225
0.54554555,58.8614651
0.54654655,58.9178418
0.54754755,58.9741532
0.54854855,59.0303993
0.54954955,59.0865804
0.55055055,59.1426967
0.55155155,59.1987486
0.55255255,59.2547362
0.55355355,59.3106597
0.55455455,59.3665195
0.55555556,59.4223158
0.55655656,59.4780487
0.55755756,59.5337185
0.55855856,59.5893255
0.55955956,59.6448699
0.56056056,59.7003518
0.56156156,59.7557716
0.56256256,59.8111295
0.56356356,59.8664256
0.56456456,59.9216603
0.56556557,59.9768336
0.56656657,60.031946
0.56756757,60.0869974
0.56856857,60.1419883
0.56956957,60.1969188
0.57057057,60.251789
0.57157157,60.3065994
0.57257257,60.3613499
0.57357357,60.4160409
0.57457457,60.4706726
0.57557558,60.5252451
0.57657658,60.5797587
0.57757758,60.6342136
0.57857858,60.6886099
0.57957958,60.742948
0.58058058,60.7972279
0.58158158,60.85145
0.58258258,60.9056143
0.58358358,60.9597212
0.58458458,61.0137707
0.58558559,61.0677631
0.58658659,61.1216986
0.58758759,61.1755774
0.58858859,61.2293996
0.58958959,61.2831655
0.59059059,61.3368753
0.59159159,61.390529
0.59259259,61.4441271
0.59359359,61.4976695
0.59459459,61.5511566
0.5955956,61.6045884
0.5965966,61.6579652
0.5975976,61.7112872
0.5985986,61.7645545
0.5995996,61.8177674
0.6006006,61.8709259
0.6016016,61.9240304
0.6026026,61.9770809
0.6036036,62.0300776
0.6046046,62.0830208
0.60560561,62.1359105
0.60660661,62.188747
0.60760761,62.2415305
0.60860861,62.294261
0.60960961,62.3469388
0.61061061,62.3995641
0.61161161,62.4521371
0.61261261,62.5046578
0.61361361,62.5571264
0.61461461,62.6095432
0.61561562,62.6619083
0.61661662,62.7142219
0.61761762,62.7664841
0.61861862,62.818695
0.61961962,62.8708549
0.62062062,62.9229639
0.62162162,62.9750222
0.62262262,63.02703
0.62362362,63.0789873
0.62462462,63.1308943
0.62562563,63.1827513
0.62662663,63.2345583
0.62762763,63.2863156
0.62862863,63.3380232
0.62962963,63.3896813
0.63063063,63.4412902
0.63163163,63.4928498
0.63263263,63.5443605
0.63363363,63.5958223
0.63463463,63.6472353
0.63563564,63.6985998
0.63663664,63.7499159
0.63763764,63.8011838
0.63863864,63.8524035
0.63963964,63.9035752
0.64064064,63.9546991
0.64164164,64.0057753
0.64264264,64.056804
0.64364364,64.1077852
0.64464464,64.1587193
0.64564565,64.2096062
0.64664665,64.2604461
0.64764765,64.3112392
0.64864865,64.3619856
0.64964965,64.4126855
0.65065065,64.4633389
0.65165165,64.5139461
0.65265265,64.5645071
0.65365365,64.6150221
0.65465465,64.6654913
0.65565566,64.7159147
0.65665666,64.7662926
0.65765766,64.8166249
0.65865866,64.866912
0.65965966,64.9171538
0.66066066,64.9673506
0.66166166,65.0175024
0.66266266,65.0676094
0.66366366,65.1176717
0.66466466,65.1676895
0.66566567,65.2176629
0.66666667,65.267592
0.66766767,65.3174769
0.66866867,65.3673178
0.66966967,65.4171148
0.67067067,65.466868
0.67167167,65.5165775
0.67267267,65.5662435
0.67367367,65.615866
0.67467467,65.6654453
0.67567568,65.7149814
0.67667668,65.7644745
0.67767768,65.8139246
0.67867868,65.8633319
0.67967968,65.9126966
0.68068068,65.9620186
0.68168168,66.0112983
0.68268268,66.0605356
0.68368368,66.1097307
0.68468468,66.1588837
0.68568569,66.2079947
0.68668669,66.2570638
0.68768769,66.3060912
0.68868869,66.355077
0.68968969,66.4040213
0.69069069,66.4529241
0.69169169,66.5017857
0.69269269,66.5506061
0.69369369,66.5993855
0.69469469,66.6481238
0.6956957,66.6968214
0.6966967,66.7454782
0.6976977,66.7940944
0.6986987,66.8426701
0.6996997,66.8912054
0.7007007,66.9397004
0.7017017,66.9881552
0.7027027,67.0365699
0.7037037,67.0849447
0.7047047,67.1332796
0.70570571,67.1815748
0.70670671,67.2298303
0.70770771,67.2780463
0.70870871,67.3262228
0.70970971,67.37436
0.71071071,67.422458
0.71171171,67.4705168
0.71271271,67.5185366
0.71371371,67.5665175
0.71471471,67.6144596
0.71571572,67.662363
0.71671672,67.7102278
0.71771772,67.758054
0.71871872,67.8058418
0.71971972,67.8535914
0.72072072,67.9013027
0.72172172,67.9489759
0.72272272,67.996611
0.72372372,68.0442083
0.72472472,68.0917677
0.72572573,68.1392895
0.72672673,68.1867735
0.72772773,68.2342201
0.72872873,68.2816292
0.72972973,68.329001
0.73073073,68.3763356
0.73173173,68.423633
0.73273273,68.4708933
0.73373373,68.5181167
0.73473473,68.5653033
0.73573574,68.612453
0.73673674,68.6595661
0.73773774,68.7066426
0.73873874,68.7536826
0.73973974,68.8006862
0.74074074,68.8476535
0.74174174,68.8945845
0.74274274,68.9414795
0.74374374,68.9883384
0.74474474,69.0351613
0.74574575,69.0819484
0.74674675,69.1286997
0.74774775,69.1754153
0.74874875,69.2220954
0.74974975,69.2687399
0.75075075,69.315349
0.75175175,69.3619228
0.75275275,69.4084613
0.75375375,69.4549647
0.75475475,69.501433
0.75575576,69.5478663
0.75675676,69.5942647
0.75775776,69.6406283
0.75875876,69.6869572
0.75975976,69.7332514
0.76076076,69.779511
0.76176176,69.8257362
0.76276276,69.871927
0.76376376,69.9180834
0.76476476,69.9642057
0.76576577,70.0102938
0.76676677,70.0563478
0.76776777,70.1023678
0.76876877,70.1483539
0.76976977,70.1943062
0.77077077,70.2402248
0.77177177,70.2861097
0.77277277,70.331961
0.77377377,70.3777788
0.77477477,70.4235632
0.77577578,70.4693142
0.7767767800000001,70.515032
0.77777778,70.5607166
0.77877878,70.606368
0.77977978,70.6519865
0.78078078,70.697572
0.78178178,70.7431246
0.78278278,70.7886444
0.78378378,70.8341315
0.78478478,70.8795859
0.78578579,70.9250078
0.78678679,70.9703972
0.78778779,71.0157541
0.78878879,71.0610788
0.78978979,71.1063711
0.79079079,71.1516312
0.79179179,71.1968593
0.79279279,71.2420552
0.79379379,71.2872192
0.79479479,71.3323513
0.7957958,71.3774516
0.7967968,71.4225201
0.7977978,71.4675569
0.7987988,71.5125622
0.7997998,71.5575358
0.8008008,71.602478
0.8018018,71.6473889
0.8028028,71.6922684
0.8038038,71.7371166
0.8048048,71.7819336
0.80580581,71.8267196
0.80680681,71.8714745
0.80780781,71.9161984
0.80880881,71.9608914
0.80980981,72.0055536
0.81081081,72.050185
0.81181181,72.0947857
0.81281281,72.1393558
0.81381381,72.1838954
0.81481481,72.2284044
0.81581582,72.272883
0.81681682,72.3173313
0.81781782,72.3617492
0.81881882,72.406137
0.81981982,72.4504946
0.82082082,72.4948221
0.82182182,72.5391195
0.82282282,72.583387
0.82382382,72.6276247
0.82482482,72.6718325
0.82582583,72.7160105
0.82682683,72.7601588
0.82782783,72.8042775
0.82882883,72.8483666
0.82982983,72.8924263
0.83083083,72.9364565
0.83183183,72.9804573
0.83283283,73.0244288
0.83383383,73.068371
0.83483483,73.1122841
0.83583584,73.156168
0.83683684,73.2000229
0.83783784,73.2438488
0.83883884,73.2876457
0.83983984,73.3314138
0.84084084,73.375153
0.84184184,73.4188635
0.84284284,73.4625453
0.84384384,73.5061985
0.84484484,73.5498231
0.84584585,73.5934192
0.84684685,73.6369869
0.84784785,73.6805262
0.84884885,73.7240371
0.84984985,73.7675198
0.85085085,73.8109743
0.85185185,73.8544006
0.85285285,73.8977988
0.85385385,73.941169
0.85485485,73.9845113
0.85585586,74.0278256
0.85685686,74.071112
0.85785786,74.1143707
0.85885886,74.1576016
0.85985986,74.2008049
0.86086086,74.2439805
0.86186186,74.2871286
0.86286286,74.3302491
0.86386386,74.3733422
0.86486486,74.4164079
0.86586587,74.4594462
0.86686687,74.5024573
0.86786787,74.5454412
0.86886887,74.5883978
0.86986987,74.6313274
0.87087087,74.6742299
0.87187187,74.7171054
0.87287287,74.7599539
0.87387387,74.8027755
0.87487487,74.8455703
0.87587588,74.8883384
0.87687688,74.9310797
0.87787788,74.9737943
0.87887888,75.0164822
0.87987988,75.0591437
0.88088088,75.1017786
0.88188188,75.144387
0.88288288,75.186969
0.88388388,75.2295247
0.88488488,75.2720541
0.88588589,75.3145572
0.88688689,75.3570341
0.88788789,75.3994849
0.88888889,75.4419095
0.88988989,75.4843082
0.89089089,75.5266808
0.89189189,75.5690275
0.89289289,75.6113483
0.89389389,75.6536433
0.89489489,75.6959125
0.8958959,75.738156
0.8968969,75.7803738
0.8978979,75.8225659
0.8988989,75.8647325
0.8998999,75.9068735
0.9009009,75.9489891
0.9019019,75.9910792
0.9029029,76.033144
0.9039039,76.0751834
0.9049049,76.1171975
0.90590591,76.1591864
0.90690691,76.2011501
0.90790791,76.2430887
0.90890891,76.2850022
0.90990991,76.3268906
0.91091091,76.3687541
0.91191191,76.4105926
0.91291291,76.4524062
0.91391391,76.494195
0.91491491,76.535959
0.91591592,76.5776983
0.91691692,76.6194128
0.91791792,76.6611027
0.91891892,76.7027679
0.91991992,76.7444087
0.92092092,76.7860249
0.92192192,76.8276166
0.92292292,76.8691839
0.92392392,76.9107269
0.92492492,76.9522455
0.92592593,76.9937398
0.92692693,77.0352099
0.92792793,77.0766558
0.92892893,77.1180776
0.92992993,77.1594753
0.93093093,77.2008489
0.93193193,77.2421985
0.93293293,77.2835242
0.93393393,77.3248259
0.93493493,77.3661038
0.93593594,77.4073578
0.93693694,77.448588
0.93793794,77.4897946
0.93893894,77.5309774
0.93993994,77.5721366
0.94094094,77.6132721
0.94194194,77.6543841
0.94294294,77.6954726
0.94394394,77.7365376
0.94494494,77.7775792
0.94594595,77.8185974
0.94694695,77.8595923
0.94794795,77.9005638
0.94894895,77.9415121
0.94994995,77.9824372
0.95095095,78.0233391
0.95195195,78.0642179
0.95295295,78.1050736
0.95395395,78.1459062
0.95495495,78.1867158
0.95595596,78.2275025
0.95695696,78.2682663
0.95795796,78.3090071
0.95895896,78.3497252
0.95995996,78.3904204
0.96096096,78.4310929
0.96196196,78.4717427
0.96296296,78.5123698
0.96396396,78.5529743
0.96496496,78.5935562
0.96596597,78.6341156
0.96696697,78.6746524
0.96796797,78.7151668
0.96896897,78.7556587
0.96996997,78.7961283
0.97097097,78.8365755
0.97197197,78.8770004
0.97297297,78.917403
0.97397397,78.9577834
0.97497497,78.9981417
0.97597598,79.0384777
0.97697698,79.0787917
0.97797798,79.1190836
0.97897898,79.1593535
0.97997998,79.1996014
0.98098098,79.2398273
0.98198198,79.2800313
0.98298298,79.3202134
0.98398398,79.3603737
0.98498498,79.4005122
0.98598599,79.440629
0.98698699,79.480724
0.98798799,79.5207974
0.98898899,79.5608491
0.98998999,79.6008792
0.99099099,79.6408877
0.99199199,79.6808747
0.99299299,79.7208402
0.99399399,79.7607842
0.99499499,79.8007069
0.995996,79.8406081
0.996997,79.880488
0.997998,79.9203466
0.998999,79.9601839
1.0,80.0
