time_exp_s,E_exp_16.5VW_MPa,E_exp_33VW_MPa,E_exp_50VW_MPa,E_exp_66VW_MPa,E_exp_83.5VW_MPa,time_fit_s,E_fit_16.5VW_MPa,E_fit_33VW_MPa,E_fit_50VW_MPa,E_fit_66VW_MPa,E_fit_83.5VW_MPa
1e-10,564.168293906003,1341.59534927832,1565.12726130861,1791.67718546296,1935.54406904611,1e-10,627.501125625764,1337.17934890222,1604.73615120922,1798.61186780107,1959.36312917975
1.59228279334109e-10,540.566301881526,1325.8267340862,1555.11264377643,1782.12976440224,1934.04227989868,1.59228279334109e-10,603.184949198035,1320.48120100219,1592.99711710972,1790.88012257016,1955.17525825118
2.53536449397012e-10,516.664729968146,1309.49705433749,1543.52237599283,1772.87697592702,1931.74170481805,2.53536449397012e-10,579.234086340866,1303.58101397542,1580.90497398872,1782.70348067341,1950.47664583869
4.03701725859655e-10,492.659703648442,1292.74081310663,1531.34800517776,1764.22425951569,1928.29521348591,4.03701725859655e-10,556.040397540093,1286.7676276378,1568.59850438858,1774.08958041463,1945.15416789844
6.42807311728432e-10,468.479920905397,1276.07523821712,1519.55752522142,1755.48901769946,1923.30738489624,6.42807311728432e-10,533.896956682352,1270.24059714632,1556.15414845439,1765.00706246413,1939.07697272033
1.02353102189903e-09,444.315326704469,1258.47407232808,1507.7036623861,1746.39680220227,1916.45776990974,1.02353102189903e-09,512.354364936451,1253.09232519657,1542.84902812128,1754.94059920154,1931.94167811277
1.62975083462065e-09,420.295057257039,1238.9771481426,1494.63043677871,1737.41727548187,1907.74440479865,1.62975083462065e-09,491.043695101001,1234.7008247713,1528.26831444429,1743.69117085079,1923.76425564057
2.59502421139973e-09,396.632957377889,1218.37103190422,1480.59061274769,1728.46705808076,1897.74068730323,2.59502421139973e-09,470.05788478696,1215.51952788731,1512.95350340207,1731.85849718081,1915.19038547646
4.13201240011534e-09,373.545268786232,1197.40655683673,1466.95087394087,1718.8631259856,1887.4718149716,4.13201240011534e-09,449.16741849996,1195.68026603588,1497.2626074704,1719.98925508523,1906.93761657223
6.57933224657568e-09,351.026287964372,1175.36343856708,1453.97928552208,1708.55043038384,1877.60077505452,6.57933224657568e-09,427.81088615349,1174.53692086834,1480.76769865478,1707.876921824,1899.0192307305
1.04761575278967e-08,329.211414772179,1151.90545891966,1440.23754028905,1697.87236018631,1867.85229464435,1.04761575278967e-08,406.043849064647,1152.14289822502,1463.2793008396,1695.11286458822,1890.82283791905
1.66810053720006e-08,308.374704644721,1128.05119848345,1424.9284391667,1686.52939545487,1857.90366819819,1.66810053720006e-08,384.321654051598,1129.35423648038,1445.2422878089,1681.72108068737,1881.95603263193
2.65608778294669e-08,288.419288221658,1103.81995189165,1409.15312359512,1674.15238730565,1847.94963648267,2.65608778294669e-08,362.49938760574,1106.01676529976,1426.55385971263,1667.64979880406,1872.41741442288
4.2292428743895e-08,269.16432254719,1078.12415864239,1393.96192362656,1661.22702617594,1837.91277513938,4.2292428743895e-08,340.170033317633,1081.39325553506,1406.76139378884,1652.75615448841,1862.38048122268
6.73415065775083e-08,250.824410014172,1051.38152231319,1378.5005543312,1648.12436584468,1827.61763674961,6.73415065775083e-08,317.638960613761,1055.92719569579,1386.23873884072,1637.34235816816,1852.07766422512
1.07226722201032e-07,233.342835826557,1024.58533875879,1361.35258468629,1634.32043263629,1817.19875642651,1.07226722201032e-07,295.405192798419,1030.3022239256,1365.36350454841,1621.47381356903,1841.26464743216
1.70735264747069e-07,216.588057289593,996.995694436099,1343.05010430414,1619.63461863469,1806.53809068422,1.70735264747069e-07,273.459876631226,1004.00576853589,1343.55321083469,1604.55186153585,1829.35010805581
2.71858824273294e-07,200.541385685029,968.112458207328,1325.10968584072,1604.6461857477,1795.43768790959,2.71858824273294e-07,251.860003841757,976.885241452769,1320.70639448114,1586.55324583659,1816.40101612482
4.32876128108306e-07,185.333243285101,939.210123548187,1307.42449814209,1589.23797347145,1783.95461728481,4.32876128108306e-07,230.995753641892,949.769427759314,1297.60318770561,1568.16853836215,1803.00293658375
6.8926121043497e-07,170.834361347312,910.517192169692,1288.47186769549,1572.82592196312,1772.13927458254,6.8926121043497e-07,210.934586783054,922.59201554996,1274.16779699361,1549.33098066086,1789.10716498832
1.09749876549306e-06,156.93104722583,880.944624913864,1268.32220522158,1555.86329793405,1759.88022064589,1.09749876549306e-06,191.623201628301,894.851473911847,1249.85664001248,1529.51266882088,1774.22839221836
1.74752840000768e-06,143.735482399684,851.060715521109,1248.71099073821,1538.92743093101,1746.92043301144,1.74752840000768e-06,173.274856601121,867.160479364028,1225.23014859019,1509.18110104515,1758.72544291293
2.78255940220713e-06,131.177685974305,821.808971784318,1229.96532055759,1521.50138455996,1733.53849312029,2.78255940220713e-06,155.879008903418,839.813414561978,1200.75649787374,1488.9514677577,1743.34940619625
4.43062145758388e-06,119.287055261801,792.261150460389,1210.37568161826,1503.45025192642,1720.13004769902,4.43062145758388e-06,139.196233579171,812.010972972476,1175.82188817414,1468.48672430443,1728.08360521747
7.05480231071865e-06,108.019873653226,762.203296922604,1189.40935900349,1485.59849247951,1706.11961655274,7.05480231071865e-06,123.401728094209,784.024141154798,1150.57540009973,1447.81540328003,1712.84119060724
1.12332403297803e-05,97.3719882837869,732.898354135972,1168.59599315133,1467.83005981113,1691.06563125155,1.12332403297803e-05,108.758430965981,756.651812901852,1125.76494220013,1427.57199598855,1698.11776137768
1.78864952905744e-05,87.3938924487215,704.01738739825,1148.4376715208,1449.40368964541,1675.72526199814,1.78864952905744e-05,95.19252047578,729.284686766281,1100.89442058899,1407.47595185211,1683.90138008081
2.8480358684358e-05,78.0932512328935,674.647331644771,1127.30028821499,1430.85740935878,1660.47265878778,2.8480358684358e-05,82.7557440844302,701.674557621949,1075.55766276234,1387.02417936283,1669.62783901882
4.53487850812858e-05,69.4767224373195,645.636718399933,1104.50788066229,1412.76837914556,1644.42057474942,4.53487850812858e-05,71.6978803530908,674.773484439101,1050.49013479599,1366.62502634171,1655.32885110384
7.22080901838547e-05,61.5167525919661,617.159614177993,1081.62687587837,1394.28203977187,1627.30834705587,7.22080901838547e-05,61.9207763274046,648.278942566747,1025.4618470661,1346.17795579147,1641.06740097102
0.000114975699539774,54.268889372104,588.09386916549,1059.39720584324,1375.01100677273,1610.13858209578,0.000114975699539774,53.2333494630756,621.339564940167,999.603727095692,1324.94262942668,1626.31565558915
0.000183073828029537,47.6735032643726,558.886689340363,1036.33250005115,1355.79522856842,1592.98010849364,0.000183073828029537,45.7282909608713,594.795167470944,973.53535599195,1303.18044364706,1610.91205298356
0.000291505306282518,41.6905435001799,530.376351324586,1011.85149314625,1336.47668539172,1574.56465784945,0.000291505306282518,39.3195346938759,569.1132611688,947.727950465614,1281.26613996461,1595.08677953429
0.000464158883361278,36.3606732255578,501.883314257516,987.765675749719,1316.06331936733,1554.88020954529,0.000464158883361278,33.7146145725835,543.350675713039,921.343410533574,1258.63843038802,1578.65840288546
0.000739072203352578,31.6548723656113,473.500104868719,964.956759822544,1295.03891165969,1535.52843251609,0.000739072203352578,28.8453295302232,517.888390847535,894.655679080587,1235.36874724514,1561.45098987753
0.001176811952435,27.4822330140598,446.105509321519,941.842214191708,1274.33818486357,1516.79032733912,0.001176811952435,24.6177417837681,493.776905417267,868.65696783976,1212.09360391801,1543.57634043242
0.00187381742286039,23.8631141288605,419.18565790199,917.753152273208,1253.21441666964,1496.7241698702,0.00187381742286039,20.8296462355224,470.276337198364,842.71737482637,1188.43039599134,1524.98168980405
0.00298364724028334,20.7663167106489,392.586199952612,894.296666924619,1230.90303343498,1474.45003014729,0.00298364724028334,17.419727739324,446.87129435246,816.375160328891,1164.11311204594,1505.69010156197
0.0047508101621028,18.1117734441044,367.178155073563,871.854262879364,1208.36997313086,1451.88875423346,0.0047508101621028,14.4408298619064,424.571074798109,790.617208835837,1139.81744189645,1485.89208644152
0.00756463327554629,15.8094687841195,342.762039273093,848.592429596194,1186.05015669767,1430.88782118932,0.00756463327554629,11.9131466619239,403.487898073767,765.558317353571,1115.59510741803,1465.53204987546
0.0120450354025878,13.8160487171081,319.26869822219,824.087819464604,1162.84156649711,1410.1904641594,0.0120450354025878,9.74040608569273,382.903367369539,740.586110915761,1091.15804983168,1444.79086160035
0.0191791026167249,12.1364562353422,297.487040912425,800.034473564815,1138.77502466948,1387.16786673149,0.0191791026167249,7.85941948223287,363.14485948828,716.134429819179,1066.94024745357,1424.0392165993
0.0305385550883342,10.6678070967538,277.217773077321,776.667071463823,1115.13865990359,1362.10275446722,0.0305385550883342,6.31631862880731,344.812229826024,692.774131349981,1043.22879783418,1403.10410043325
0.0486260158006535,9.35824879348307,258.300019014395,752.258470607992,1091.58441171673,1337.70949086935,0.0486260158006535,5.07099355604115,327.614931622086,670.232070135919,1019.82133223188,1381.88379787535
0.0774263682681127,8.23938719845406,241.235885443256,726.815634010255,1066.90135130553,1315.09099167454,0.0774263682681127,4.01079371613617,310.985664894895,648.061992390206,996.608613330915,1360.76067760742
0.123284673944207,7.29111758833262,225.688636434288,702.318931740658,1041.8344107402,1291.79233335855,0.123284673944207,3.14670921267504,295.228566002216,626.609795536678,973.85005841213,1339.8172029045
0.196304065004027,6.45936735118621,211.426551507902,678.994000162305,1017.3975312369,1265.57334589128,0.196304065004027,2.51724710489476,280.659457675945,606.105439806663,951.475670256425,1318.51716341761
0.312571584968824,5.67736906240085,198.627293677147,655.190303129513,992.566123336859,1238.00326943967,0.312571584968824,2.06213885921557,266.879221124729,586.156936837409,929.226183991624,1296.8209607953
0.497702356433211,4.94930150808219,186.777464628642,631.126880286543,966.639262995702,1212.01978176085,0.497702356433211,1.70930659294757,253.142016255834,566.013031755232,906.690808997447,1274.92745356382
0.792482898353917,4.35097225986116,175.570648650738,608.465698990073,940.76633748622,1187.54010309598,0.792482898353917,1.45290982695481,239.927563024188,546.196868418469,884.19198384718,1252.7737225679
1.26185688306602,3.87883421374113,164.994465187821,586.692164922328,915.029641465906,1161.28942764915,1.26185688306602,1.2684274523792,227.444733882043,526.83613383713,861.559395652562,1229.71198394047
2.00923300256505,3.44474074683824,154.713831946833,564.052164717366,888.044163245056,1132.05573808813,2.00923300256505,1.11002049016863,214.815138938428,506.891910032757,838.002768408324,1205.53405079607
3.19926713779738,3.01052822075383,144.723589259317,541.117248599798,860.049432467694,1102.53605103676,3.19926713779738,0.966375762025914,201.950975855507,486.394730060534,813.830036968328,1180.97705744689
5.09413801481638,2.59401495939589,135.160048303955,519.400328014989,832.110638059613,1075.20450460164,5.09413801481638,0.845261721570971,189.504780783054,466.110122674302,789.561074294436,1156.02415413997
8.11130830789687,2.21087735629274,125.962942869396,498.148164705857,803.342196448354,1048.43652100548,8.11130830789687,0.743169281716107,177.292228946886,445.582328090971,764.402431876108,1129.48768735985
12.9154966501488,1.88164831848056,117.139844121669,475.911460378027,772.795232615685,1018.86176663456,12.9154966501488,0.652838152317983,164.804002441685,424.148656374973,737.841604006463,1101.2908105741
20.5651230834865,1.61708355646395,108.70326860604,453.687450215784,741.50170716065,986.840838411645,20.5651230834865,0.575225984630164,152.317290726161,402.335181552807,710.654417384517,1072.48880505727
32.7454916287773,1.39731298658127,100.625440029959,433.018272076079,709.755465045411,955.571164407872,32.7454916287773,0.51155236779244,140.107356399004,380.402786818168,682.85173898442,1042.64509691693
52.1400828799969,1.22176301191564,92.9199116326076,413.073179985683,676.421659445884,925.985316205581,52.1400828799969,0.459526479104593,127.970444874766,357.793357761686,653.427703572991,1010.23930988869
83.0217568131974,1.11756156362978,85.7113342480366,392.563902459701,641.930711594271,895.141204689583,83.0217568131974,0.418063884423513,116.081543454342,334.812236255891,622.742505067218,975.629623095067
132.194114846603,1.08156581555892,79.1411817235034,372.530536508825,607.328451530922,861.277823941175,132.194114846603,0.386246365935594,104.7748702236,312.128800653647,591.690923957037,939.826423626794
210.490414451202,1.07613637001596,73.1268902395251,354.086255076108,571.883871523938,826.7110274059,210.490414451202,0.361855654700941,93.8842009951829,289.353657147354,559.595234538028,901.810559430089
335.160265093884,1.0759015023375,67.5670613902315,335.999806309167,535.528858443588,793.491175017061,335.160265093884,0.343807704065467,83.541855406466,266.593989511997,526.251915570697,860.7559165111
533.669923120631,1.07590000047731,62.5342995643946,317.061956204004,499.634166622012,759.846566706927,533.669923120631,0.331166844507258,74.1677682011885,244.787475624082,492.898536037971,817.885461835805
849.753435908644,1.0759,57.9530939211123,298.364435081734,464.065187121292,723.659206916395,849.753435908644,0.322097913543246,65.5560940584477,223.725836168105,459.476819951361,773.42061929894
1353.04777457981,1.0759,53.7834264737661,280.891246758783,428.531910488266,686.558134821492,1353.04777457981,0.315705636248602,57.6963516186715,203.373429391189,425.745468840051,726.650430748869
2154.43469003188,1.0759,49.9496356131263,263.503677818917,394.302186701487,650.446112110548,2154.43469003188,0.311536365487301,50.9398116894854,184.597950260593,392.842580221967,678.5327383655
3430.46928631492,1.0759,46.2099290484096,245.243373275437,361.41214516102,613.982370785517,3430.46928631492,0.308643691937708,44.9950484238887,167.118726909002,360.898662536665,630.029938998258
5462.27721768434,1.0759,42.5796546532321,227.328552845073,329.323579600043,576.040247587534,5462.27721768434,0.306504528245263,39.5879593155111,150.489333945909,329.532026324644,581.107669024829
8697.49002617784,1.0759,39.179127689891,210.798057454479,299.095459907744,538.48204526561,8697.49002617784,0.305053118562,34.9491558245702,135.369565346299,299.793107641424,533.032295623629
13848.8637139387,1.0759,35.9310038896633,194.600467594692,270.955729221368,502.147286956198,13848.8637139387,0.303987621690766,30.8827576961411,121.591874172311,271.972083012849,487.085833732595
22051.3073990305,1.0759,32.8446392856284,177.838328047699,244.42020581546,465.722442158122,22051.3073990305,0.30313379349363,27.177843501887,108.749911545621,245.669364636526,443.17333926925
35111.9173421513,1.0759,30.0162934832816,161.716951249429,220.25820845716,429.661157413774,35111.9173421513,0.302525078566299,24.0144386291564,97.3327639212443,221.641435312346,402.175723228402
55908.1018251222,1.0759,27.3943642969892,147.256765366098,198.428588200101,395.270631631172,55908.1018251222,0.302026309483148,21.1999716630674,87.0601748472419,199.887822949189,364.900219892214
89021.5085445039,1.0759,24.9865567059225,133.44040183387,178.262658431496,361.964038847187,89021.5085445039,0.301580422898766,18.5773069181326,77.5221461645226,179.788189565624,330.638518614995
141747.416292681,1.0759,22.8529697651119,119.366067703838,160.348664931996,329.646320413889,141747.416292681,0.301265788054161,16.3818477130476,69.2374840802896,161.896083375843,299.538003695082
225701.971963392,1.0759,20.9058050928608,106.152526864366,144.651783040342,298.980362497303,225701.971963392,0.301050575634079,14.5792135187006,62.1496217616053,146.165988710698,271.600439734554
359381.366380463,1.0759,19.115174350702,94.8521143985451,130.383456154276,269.490701888671,359381.366380463,0.300885951193935,13.0089478029408,55.8072977954402,131.846306256019,245.828733025909
572236.765935022,1.0759,17.5259365757245,84.5719680583098,117.74932532119,241.448156694908,572236.765935022,0.300778807730017,11.7206523511268,50.3499933004257,119.148720980468,222.447566960864
911162.756115489,1.0759,16.0468475212981,74.2302924188569,106.651214164408,215.469244008513,911162.756115489,0.300715583059518,10.6742280741492,45.6841469218711,107.958190341202,201.380706895009
1450828.77849594,1.0759,14.6155829310521,64.5606641282916,96.3553935444003,190.837338213326,1450828.77849594,0.30066532203588,9.72496712033283,41.3847457730893,97.5562876463693,181.678532055023
2310129.70008316,1.0759,13.3107491359124,56.6537381450515,87.0272434072047,167.529188861508,2310129.70008316,0.300633873793372,8.90094945879459,37.5448473515996,88.1247813974445,163.629908386585
3678379.77182863,1.0759,12.1235196309336,50.0436605311076,78.9261937820681,146.081778844671,3678379.77182863,0.300646256752325,8.27789853146112,34.3474012559289,79.9036995052046,147.43117424235
5857020.81805666,1.0759,10.9449840635762,43.5470202503944,71.6059982961605,126.332458556143,5857020.81805666,0.300694304057901,7.77448224161381,31.5334106691113,72.4288596607111,132.430825150374
9326033.4688322,1.0759,9.81165048001815,37.2706845431768,65.0792626078817,108.378006624818,9326033.4688322,0.300791127120709,7.38945288643999,29.0992070280862,65.7166572381308,118.710207576622
14849682.6225446,1.0759,8.87839715389026,32.2331001414252,59.7120274501863,92.1570853753657,14849682.6225446,0.301064694041308,7.29431958168812,27.3859143678389,60.126679996883,106.421536485007
23644894.1264541,1.0759,8.15935777262607,28.7157552479089,55.1483579225875,77.5135743451281,23644894.1264541,0.301678947447903,7.44738162667437,26.189568516009,55.2909076376411,95.1232467470033
37649358.0679246,1.0759,7.48941005231653,25.8202146767379,50.9236090651849,64.6279281880119,37649358.0679246,0.302735116194726,7.63653577602863,25.0498211015166,50.7259901691003,84.6721798713892
59948425.0318941,1.0759,6.77724712503972,22.799914728254,47.1359504721384,53.4833897057644,59948425.0318941,0.304594046526439,7.86548016697303,23.9746387360681,46.4599330582878,75.1161683145098
95454845.6661833,1.0759,6.11855518078258,19.8780992829242,43.7151696192032,44.0122433093797,95454845.6661833,0.307749106484834,8.09530512439444,22.9104498277984,42.4690124435421,66.4860835228639
151991108.295293,1.0759,5.66901743428863,17.6812440847855,40.24412231,35.9355590448807,151991108.295293,0.311471178314985,8.09420063265239,21.5813338277069,38.6106754731372,58.9113239874053
242012826.479438,1.0759,5.47645916677146,16.4679340739885,36.6881157616776,29.1073006792987,242012826.479438,0.315024298530118,7.88278214187231,20.0772804239316,34.9614300312677,52.310228811148
385352859.371054,1.0759,5.43178796569797,15.8063281175131,33.4035307671583,23.4975922265988,385352859.371054,0.31904731796373,7.64085922589666,18.6672925554235,31.7171296068095,46.6203987596772
613590727.341316,1.0759,5.41935222112311,15.1305207520495,30.4938791028603,18.9381166245983,613590727.341316,0.324123564018697,7.42321215607644,17.4063198699142,28.8660018451995,41.6916564804976
977009957.299225,1.0759,5.40378181473279,14.2188701714303,27.7253293895483,15.3251526175834,977009957.299225,0.331264160428837,7.21665833267778,16.1878263648255,26.1496012686202,37.0571555990223
1555676143.93047,1.0759,5.37925234781873,13.0578178437806,25.1045674775971,12.5258569644271,1555676143.93047,0.342514731238023,7.04457231806929,15.0189176419326,23.5404423232254,32.6381421608799
2477076355.99171,1.0759,5.34071863718621,11.7592952544084,22.9145704682662,10.4306019777742,2477076355.99171,0.362761586201715,6.98957340424426,14.0314991431414,21.2178253822758,28.6613045348764
3944206059.43765,1.0759,5.280667378001,10.5756427460245,21.1494158459457,8.99714195792266,3944206059.43765,0.398338808925539,7.02323052767174,13.1882325964389,19.162805608285,25.1451559459413
6280291441.83425,1.0759,5.18826580818533,9.79083907709787,19.4925983802485,8.17340011985045,6280291441.83425,0.440752736939271,6.93968768527289,12.3209782571178,17.3146835908819,22.1751616493851
10000000000.0,1.0759,5.04893350636298,9.47098128352909,17.8496175557057,7.77880612468824,10000000000.0,0.465566995081166,6.6470452861564,11.4297928872618,15.7614144440876,19.911120368153
